timestamp,ax,ay,az,gx,gy,gz
5687.0,9.34696,3.24654,0.196325,-8.91113,8.91113,28.1372
5687.005,9.39964,3.26809,0.105345,-8.30078,9.39941,29.0527
5687.01,9.50019,3.35188,0.0143652,-7.69043,9.8877,29.48
5687.015,9.54568,3.37582,-0.0215478,-7.14111,10.437,29.6631
5687.02,9.5792,3.44286,-0.071826,-6.83594,11.0474,29.7241
5687.025,9.60314,3.50511,-0.129287,-6.34766,11.7798,29.6021
5687.03,9.58399,3.553,-0.1652,-6.10352,12.207,29.48
5687.035,9.59596,3.56497,-0.201113,-6.22559,12.6343,29.0527
5687.04,9.56244,3.56257,-0.213084,-6.89697,12.6343,28.8086
5687.045,9.57441,3.57454,-0.246603,-7.50732,12.8784,28.1372
5687.05,9.60075,3.58412,-0.263362,-8.36182,13.0615,27.4048
5687.055,9.6606,3.5506,-0.268151,-9.33838,12.9395,26.7334
5687.06,9.66539,3.54102,-0.289698,-10.0098,13.0615,25.9399
5687.065,9.71328,3.56257,-0.289698,-10.7422,13.0615,24.4751
5687.07,9.7444,3.54342,-0.304064,-11.9629,12.8784,23.3765
5687.075,9.75637,3.50511,-0.356736,-12.9395,12.6343,22.644
5687.08,9.76355,3.40934,-0.332794,-13.4277,12.0239,21.8506
5687.085,9.72525,3.34709,-0.392649,-13.9771,11.3525,21.4233
5687.09,9.71567,3.30639,-0.361524,-13.7939,10.8032,20.5078
5687.095,9.73482,3.25851,-0.409408,-13.2446,10.2539,19.2871
5687.1,9.7444,3.21541,-0.428562,-12.6343,9.70459,18.3105
5687.105,9.78989,3.17711,-0.40462,-11.5356,9.33838,16.8457
5687.11,9.79707,3.13162,-0.397437,-10.3149,8.8501,15.564
5687.115,9.80665,3.10049,-0.385466,-8.97217,8.36182,14.6484
5687.12,9.78031,3.06697,-0.354342,-7.38525,7.87354,13.7939
5687.125,9.75637,3.04303,-0.354342,-5.31006,7.32422,12.8174
5687.13,9.73482,3.00951,-0.311246,-3.23486,6.5918,11.4746
5687.135,9.70849,2.99993,-0.275333,-1.2207,5.98145,10.376
5687.14,9.69412,2.99036,-0.287304,1.0376,5.37109,9.58252
5687.145,9.67257,2.96163,-0.258574,3.66211,4.57764,8.8501
5687.15,9.65103,2.95205,-0.265756,6.28662,3.96729,8.48389
5687.155,9.63427,2.97599,-0.244209,9.0332,3.17383,8.11768
5687.16,9.59357,3.00712,-0.248997,11.7798,2.44141,7.75146
5687.165,9.57441,3.055,-0.260968,14.2822,1.77002,7.26318
5687.17,9.53371,3.0957,-0.234632,16.6626,1.2207,6.7749
5687.175,9.50737,3.16513,-0.268151,18.6768,0.610352,6.34766
5687.18,9.48822,3.19387,-0.234632,20.3247,-0.0610352,6.10352
5687.185,9.44991,3.25611,-0.244209,21.6064,-0.854492,5.98145
5687.19,9.4571,3.30879,-0.23942,22.7661,-1.46484,5.67627
5687.195,9.43555,3.36625,-0.272939,23.3154,-2.01416,5.37109
5687.2,9.41879,3.43329,-0.222661,23.2544,-2.44141,5.06592
5687.205,9.43555,3.53145,-0.23942,23.0713,-2.56348,4.02832
5687.21,9.43555,3.60327,-0.220267,21.4233,-2.92969,3.54004
5687.215,9.40203,3.62961,-0.196325,19.5312,-3.66211,4.08936
5687.22,9.34696,3.65355,-0.181959,17.395,-3.90625,4.39453
5687.225,9.31584,3.67271,-0.143652,15.3198,-4.39453,4.69971
5687.23,9.31105,3.71341,-0.134075,12.8174,-4.63867,4.57764
5687.235,9.26556,3.72298,-0.0742203,10.0708,-4.94385,4.45557
5687.24,9.29908,3.74453,-0.0646434,7.38525,-5.43213,4.39453
5687.245,9.31344,3.73974,-0.0430956,4.63867,-5.67627,4.21143
5687.25,9.31823,3.76129,-0.059855,2.01416,-6.04248,4.39453
5687.255,9.30626,3.74453,-0.0023942,-0.549316,-6.28662,4.57764
5687.26,9.3302,3.69904,0.0023942,-2.56348,-6.53076,4.76074
5687.265,9.31105,3.66792,-0.0071826,-4.27246,-6.7749,4.63867
5687.27,9.33499,3.64637,0.0167594,-5.85938,-6.71387,4.63867
5687.275,9.32781,3.6344,0.0502782,-7.20215,-6.7749,4.5166
5687.28,9.32542,3.62722,0.0742203,-8.36182,-6.71387,4.5166
5687.285,9.31823,3.61764,0.0622492,-9.39941,-6.5918,4.3335
5687.29,9.34696,3.59849,0.0550666,-10.1929,-6.65283,4.27246
5687.295,9.36372,3.56975,0.071826,-10.9253,-6.5918,4.15039
5687.3,9.37809,3.58173,0.153229,-11.3525,-6.40869,3.90625
5687.305,9.414,3.57454,0.169988,-11.5967,-6.22559,3.78418
5687.31,9.45949,3.55778,0.134075,-11.5967,-5.67627,3.66211
5687.315,9.47146,3.56975,0.160412,-11.7188,-5.49316,3.41797
5687.32,9.47146,3.57933,0.1652,-11.8408,-5.37109,3.05176
5687.325,9.46428,3.5937,0.186748,-11.9019,-5.18799,2.86865
5687.33,9.46428,3.56497,0.220267,-11.7798,-5.00488,2.56348
5687.335,9.4978,3.53624,0.246603,-11.4746,-4.63867,2.2583
5687.34,9.51456,3.5099,0.263362,-11.0474,-4.57764,1.77002
5687.345,9.56244,3.47878,0.28491,-10.3149,-4.21143,1.15967
5687.35,9.57202,3.4692,0.320823,-9.39941,-3.90625,0.793457
5687.355,9.61272,3.43329,0.332794,-8.72803,-3.66211,0.0610352
5687.36,9.62469,3.46202,0.342371,-8.05664,-3.23486,-0.488281
5687.365,9.64863,3.51229,0.335188,-7.62939,-2.86865,-1.28174
5687.37,9.67018,3.54342,0.351948,-7.50732,-2.62451,-1.83105
5687.375,9.67018,3.54821,0.380678,-7.62939,-2.38037,-2.44141
5687.38,9.66539,3.56257,0.416591,-8.11768,-2.13623,-3.17383
5687.385,9.64624,3.54581,0.414197,-8.72803,-1.89209,-3.78418
5687.39,9.61033,3.51948,0.356736,-9.33838,-1.64795,-4.27246
5687.395,9.61033,3.47159,0.385466,-9.8877,-1.64795,-4.76074
5687.4,9.6223,3.4285,0.325611,-10.3149,-1.40381,-5.24902
5687.405,9.60793,3.39258,0.292093,-10.8032,-1.28174,-5.67627
5687.41,9.58638,3.34709,0.268151,-10.9863,-1.15967,-6.10352
5687.415,9.5816,3.28963,0.248997,-10.9253,-1.0376,-6.71387
5687.42,9.58399,3.22738,0.232238,-10.5591,-0.915527,-7.14111
5687.425,9.56484,3.19865,0.21069,-10.1929,-0.915527,-7.50732
5687.43,9.55286,3.19626,0.174777,-9.46045,-0.732422,-7.99561
5687.435,9.55765,3.18668,0.143652,-8.66699,-0.610352,-8.36182
5687.44,9.56962,3.17711,0.131681,-7.93457,-0.366211,-8.60596
5687.445,9.57441,3.17711,0.0981623,-7.08008,-0.427246,-8.72803
5687.45,9.55526,3.16035,0.110133,-6.34766,-0.366211,-8.97217
5687.455,9.55765,3.1364,0.0814029,-5.5542,-0.366211,-9.09424
5687.46,9.54568,3.14119,0.0694318,-4.76074,-0.244141,-9.21631
5687.465,9.51456,3.10528,0.0287304,-4.3335,-0.488281,-8.60596
5687.47,9.46428,3.12683,0.0191536,-3.35693,-0.427246,-8.23975
5687.475,9.47386,3.16992,-0.0191536,-2.50244,-0.183105,-8.97217
5687.48,9.50737,3.19147,-0.00957681,-1.95312,-0.0610352,-9.27734
5687.485,9.53371,3.20584,-0.0215478,-1.52588,0.12207,-9.33838
5687.49,9.54089,3.19865,-0.0766145,-1.34277,0.244141,-9.15527
5687.495,9.51695,3.1388,-0.0861913,-0.610352,0.427246,-8.91113
5687.5,9.50977,3.14598,-0.0837971,0.0610352,0.671387,-8.78906
5687.505,9.50259,3.15077,-0.114922,1.0376,0.732422,-8.72803
5687.51,9.4954,3.15556,-0.155623,1.95312,0.793457,-8.8501
5687.515,9.50019,3.18189,-0.189142,2.62451,1.09863,-8.8501
5687.52,9.51456,3.17471,-0.203507,3.11279,1.34277,-8.72803
5687.525,9.51216,3.19147,-0.201113,3.41797,1.46484,-8.54492
5687.53,9.50977,3.21541,-0.203507,3.2959,1.46484,-8.30078
5687.535,9.51935,3.22499,-0.237026,3.11279,1.52588,-8.05664
5687.54,9.54808,3.24893,-0.251391,2.62451,1.58691,-8.05664
5687.545,9.58399,3.25851,-0.268151,1.89209,1.70898,-7.93457
5687.55,9.5816,3.23217,-0.268151,1.15967,1.83105,-7.56836
5687.555,9.57441,3.22499,-0.244209,0.366211,1.70898,-7.26318
5687.56,9.56244,3.21541,-0.232238,-0.305176,1.70898,-6.83594
5687.565,9.54808,3.22738,-0.229843,-0.854492,1.64795,-6.71387
5687.57,9.53371,3.20823,-0.208296,-1.46484,1.58691,-6.53076
5687.575,9.4978,3.21302,-0.215478,-2.01416,1.46484,-6.40869
5687.58,9.47864,3.19626,-0.184354,-2.50244,1.46484,-6.22559
5687.585,9.47625,3.19387,-0.174777,-3.05176,1.15967,-6.28662
5687.59,9.47146,3.17471,-0.179565,-3.479,0.976562,-6.10352
5687.595,9.46188,3.16753,-0.174777,-3.90625,0.610352,-6.22559
5687.6,9.44034,3.13401,-0.146046,-4.27246,0.244141,-6.04248
5687.605,9.40682,3.13401,-0.153229,-4.5166,0.12207,-5.98145
5687.61,9.40203,3.06937,-0.167594,-4.57764,-0.427246,-5.79834
5687.615,9.37091,3.03824,-0.234632,-4.82178,-1.2207,-5.18799
5687.62,9.39006,3.0574,-0.174777,-4.63867,-1.46484,-5.12695
5687.625,9.43076,3.07894,-0.196325,-4.45557,-1.64795,-5.37109
5687.63,9.49301,3.05021,-0.21069,-4.57764,-1.83105,-5.43213
5687.635,9.50259,3.05021,-0.246603,-4.39453,-2.13623,-5.37109
5687.64,9.51935,3.02148,-0.21069,-4.08936,-2.31934,-5.24902
5687.645,9.52892,3.03106,-0.232238,-3.54004,-2.50244,-5.00488
5687.65,9.51216,3.02148,-0.227449,-3.05176,-2.56348,-4.76074
5687.655,9.49062,2.99993,-0.21069,-2.62451,-2.74658,-4.45557
5687.66,9.4978,3.00233,-0.167594,-2.19727,-2.80762,-4.39453
5687.665,9.4978,3.00951,-0.179565,-1.64795,-2.99072,-4.21143
5687.67,9.49062,3.03824,-0.201113,-1.28174,-3.11279,-3.96729
5687.675,9.4978,3.04782,-0.186748,-1.09863,-3.2959,-3.78418
5687.68,9.4978,3.05979,-0.189142,-0.915527,-3.54004,-3.35693
5687.685,9.51695,3.05261,-0.150835,-0.793457,-3.54004,-3.23486
5687.69,9.52413,3.03106,-0.160412,-0.732422,-3.72314,-2.80762
5687.695,9.50737,3.0574,-0.138864,-0.671387,-3.78418,-2.50244
5687.7,9.52174,3.06697,-0.117316,-0.488281,-3.84521,-2.2583
5687.705,9.50498,3.07176,-0.141258,-0.183105,-3.78418,-1.89209
5687.71,9.50737,3.06937,-0.134075,0.0610352,-3.84521,-1.64795
5687.715,9.52653,3.0957,-0.129287,0.366211,-3.72314,-1.28174
5687.72,9.52413,3.0981,-0.117316,0.427246,-3.72314,-0.915527
5687.725,9.50019,3.07655,-0.0861913,0.610352,-3.66211,-0.366211
5687.73,9.52892,3.07894,-0.0909797,0.854492,-3.54004,0.0610352
5687.735,9.51216,3.10528,-0.0574608,1.09863,-3.54004,0.305176
5687.74,9.52174,3.14119,-0.035913,1.09863,-3.54004,0.793457
5687.745,9.49062,3.16753,-0.0071826,1.09863,-3.23486,1.0376
5687.75,9.47864,3.19865,0.023942,0.976562,-3.05176,1.46484
5687.755,9.48104,3.2226,0.0263362,0.854492,-2.92969,1.70898
5687.76,9.46667,3.24654,0.035913,0.610352,-2.92969,2.2583
5687.765,9.44752,3.21302,0.0837971,0.427246,-2.80762,2.50244
5687.77,9.44991,3.21062,0.0550666,0.366211,-2.68555,2.99072
5687.775,9.42358,3.20344,0.0526724,0.488281,-2.62451,3.2959
5687.78,9.41879,3.18668,0.0766145,0.549316,-2.44141,3.66211
5687.785,9.43076,3.19865,0.0814029,0.854492,-2.19727,3.90625
5687.79,9.41879,3.20105,0.0814029,1.0376,-2.0752,4.21143
5687.795,9.43555,3.20823,0.105345,1.34277,-1.89209,4.57764
5687.8,9.41879,3.20105,0.0957681,1.83105,-1.64795,4.94385
5687.805,9.4547,3.19626,0.0670376,2.19727,-1.52588,5.31006
5687.81,9.47146,3.22738,0.0646434,2.68555,-1.28174,5.61523
5687.815,9.52174,3.23457,0.0790087,3.41797,-1.0376,5.92041
5687.82,9.54089,3.23217,0.105345,4.45557,-0.366211,6.10352
5687.825,9.52653,3.28724,0.0957681,5.18799,0.0610352,6.22559
5687.83,9.50259,3.32794,0.124498,5.79834,0.427246,6.46973
5687.835,9.48583,3.36385,0.134075,5.98145,0.549316,6.89697
5687.84,9.47864,3.39498,0.117316,5.98145,0.732422,7.14111
5687.845,9.46907,3.44286,0.136469,5.92041,0.915527,7.38525
5687.85,9.49062,3.46202,0.143652,5.5542,1.09863,7.44629
5687.855,9.53132,3.48117,0.105345,5.24902,1.28174,7.50732
5687.86,9.53371,3.48835,0.0909797,4.94385,1.34277,7.75146
5687.865,9.54089,3.48356,0.0861913,4.5166,1.52588,7.8125
5687.87,9.5385,3.46441,0.0550666,4.15039,1.83105,8.17871
5687.875,9.53611,3.44765,0.0574608,3.90625,2.01416,8.11768
5687.88,9.53132,3.45483,0.011971,3.90625,2.13623,8.23975
5687.885,9.49062,3.43568,0.0502782,3.72314,2.2583,8.48389
5687.89,9.48104,3.43089,0.0622492,3.54004,2.31934,8.8501
5687.895,9.45949,3.43568,0.0383072,3.60107,2.38037,9.09424
5687.9,9.44513,3.43329,0.0383072,3.41797,2.44141,9.27734
5687.905,9.40921,3.44047,0.0263362,3.35693,2.44141,9.27734
5687.91,9.39964,3.44526,0.0287304,3.54004,2.74658,9.39941
5687.915,9.37809,3.44765,0.0311246,3.479,2.74658,9.64355
5687.92,9.37091,3.44047,0.0143652,3.54004,2.74658,10.0708
5687.925,9.33978,3.44286,0.0143652,3.72314,2.74658,10.376
5687.93,9.2919,3.43807,0.0335188,3.90625,2.92969,10.5591
5687.935,9.29908,3.45723,0.0263362,4.08936,3.11279,10.6812
5687.94,9.28711,3.48835,0.011971,3.84521,3.23486,10.8643
5687.945,9.2895,3.51469,0.0071826,3.72314,3.2959,11.1084
5687.95,9.27274,3.50032,-0.0167594,3.479,3.41797,11.5356
5687.955,9.27035,3.50272,-0.0215478,3.23486,3.479,11.9629
5687.96,9.29908,3.49314,-0.0430956,3.05176,3.66211,12.146
5687.965,9.31584,3.48117,-0.0335188,3.17383,3.72314,12.2681
5687.97,9.33978,3.48117,-0.0454898,3.2959,3.90625,12.5732
5687.975,9.38048,3.47638,-0.0550666,3.479,4.21143,12.9395
5687.98,9.36612,3.49075,-0.0646434,3.54004,4.39453,13.3057
5687.985,9.38766,3.49553,-0.0814029,3.66211,4.69971,13.6108
5687.99,9.36133,3.53145,-0.0981623,3.78418,4.94385,13.916
5687.995,9.36612,3.53384,-0.11971,4.02832,5.18799,14.0381
5688.0,9.35415,3.53624,-0.146046,4.08936,5.31006,14.1602
5688.005,9.35654,3.56736,-0.131681,4.15039,5.49316,14.0991
5688.01,9.37569,3.57694,-0.174777,4.21143,5.7373,14.3433
5688.015,9.36851,3.57215,-0.138864,4.27246,5.79834,14.4043
5688.02,9.36372,3.56736,-0.172383,4.45557,5.79834,14.5264
5688.025,9.37091,3.58891,-0.19393,4.57764,5.85938,14.4653
5688.03,9.39245,3.58891,-0.203507,4.57764,5.98145,14.3433
5688.035,9.39485,3.59609,-0.198719,4.63867,6.04248,14.2212
5688.04,9.40203,3.58891,-0.1652,4.69971,5.98145,14.2212
5688.045,9.40682,3.5937,-0.179565,4.69971,5.85938,13.9771
5688.05,9.40682,3.60088,-0.203507,4.57764,5.79834,13.855
5688.055,9.42597,3.58891,-0.186748,4.57764,5.5542,13.6719
5688.06,9.46907,3.56257,-0.184354,4.69971,5.5542,13.4277
5688.065,9.47625,3.5506,-0.215478,5.00488,5.31006,13.1836
5688.07,9.46428,3.56257,-0.208296,5.43213,4.88281,12.8784
5688.075,9.47146,3.57454,-0.203507,5.79834,4.57764,12.6343
5688.08,9.44991,3.57694,-0.208296,6.22559,4.27246,12.2681
5688.085,9.44513,3.59609,-0.198719,6.46973,3.90625,11.9629
5688.09,9.43315,3.5913,-0.198719,6.71387,3.54004,11.5967
5688.095,9.414,3.61046,-0.205901,6.83594,3.05176,11.0474
5688.1,9.43076,3.62243,-0.227449,6.83594,2.62451,10.498
5688.105,9.4571,3.64876,-0.222661,6.71387,2.19727,10.0708
5688.11,9.46907,3.61764,-0.217872,6.65283,1.70898,9.52148
5688.115,9.4978,3.62482,-0.215478,6.53076,1.2207,9.09424
5688.12,9.53371,3.62482,-0.227449,6.34766,0.671387,8.78906
5688.125,9.55765,3.6344,-0.25618,6.16455,0.305176,8.48389
5688.13,9.60075,3.632,-0.260968,6.04248,-0.183105,8.11768
5688.135,9.62469,3.64397,-0.222661,5.79834,-0.488281,7.8125
5688.14,9.6606,3.64637,-0.244209,5.7373,-0.915527,7.62939
5688.145,9.69173,3.65116,-0.277727,5.61523,-1.15967,7.44629
5688.15,9.69412,3.63919,-0.232238,5.37109,-1.34277,7.44629
5688.155,9.6606,3.62961,-0.237026,5.18799,-1.46484,7.56836
5688.16,9.61751,3.62722,-0.225055,5.12695,-1.64795,7.50732
5688.165,9.55047,3.62722,-0.21069,4.88281,-1.83105,7.75146
5688.17,9.44513,3.6344,-0.21069,4.63867,-1.95312,7.69043
5688.175,9.35654,3.64397,-0.189142,4.3335,-2.0752,7.69043
5688.18,9.27753,3.6344,-0.162806,3.90625,-2.13623,7.62939
5688.185,9.1674,3.62003,-0.177171,3.54004,-2.13623,7.69043
5688.19,9.09797,3.57694,-0.184354,3.17383,-2.2583,7.8125
5688.195,9.06924,3.56257,-0.167594,2.99072,-2.13623,7.87354
5688.2,9.04051,3.56975,-0.186748,2.74658,-2.01416,7.8125
5688.205,9.01896,3.58891,-0.179565,2.50244,-1.64795,7.62939
5688.21,9.10275,3.5913,-0.105345,2.44141,-0.915527,6.5918
5688.215,9.10994,3.553,-0.181959,1.83105,-0.976562,7.14111
5688.22,9.12909,3.52187,-0.203507,1.70898,-0.915527,7.87354
5688.225,9.15782,3.48596,-0.201113,2.01416,-0.366211,8.30078
5688.23,9.23444,3.50272,-0.241814,2.56348,0.12207,8.48389
5688.235,9.30147,3.553,-0.237026,3.05176,0.671387,8.54492
5688.24,9.42358,3.57694,-0.263362,3.72314,1.40381,8.72803
5688.245,9.48583,3.632,-0.253785,4.02832,2.01416,8.97217
5688.25,9.54329,3.64158,-0.268151,4.39453,2.80762,9.27734
5688.255,9.58878,3.64397,-0.289698,4.76074,3.35693,9.76562
5688.26,9.6223,3.64876,-0.328006,5.31006,3.96729,10.1318
5688.265,9.67018,3.65834,-0.354342,5.79834,4.63867,10.437
5688.27,9.69412,3.62003,-0.390255,6.22559,5.24902,10.5591
5688.275,9.7444,3.60088,-0.385466,6.83594,5.7373,10.8643
5688.28,9.77792,3.57933,-0.373495,7.50732,6.28662,11.0474
5688.285,9.81144,3.57215,-0.378284,8.36182,6.7749,10.9863
5688.29,9.81623,3.56736,-0.423774,9.15527,7.38525,10.7422
5688.295,9.79228,3.58412,-0.373495,9.82666,7.8125,10.7422
5688.3,9.71328,3.60567,-0.371101,10.376,8.17871,10.6201
5688.305,9.6223,3.61764,-0.368707,10.8643,8.36182,10.376
5688.31,9.5385,3.62961,-0.280122,10.9863,8.60596,9.70459
5688.315,9.4547,3.62482,-0.225055,10.8643,8.72803,8.8501
5688.32,9.38527,3.62482,-0.162806,10.8032,8.91113,7.69043
5688.325,9.30147,3.58891,-0.148441,10.498,9.0332,6.22559
5688.33,9.19852,3.51229,-0.0957681,10.1318,8.97217,5.24902
5688.335,9.0429,3.40455,-0.071826,9.82666,8.48389,3.96729
5688.34,8.8777,3.32076,-0.0885855,9.76562,8.05664,2.31934
5688.345,8.69335,3.24414,-0.0287304,9.52148,7.50732,0.427246
5688.35,8.52096,3.18429,0.0,9.09424,6.89697,-1.40381
5688.355,8.34379,3.12204,0.00957681,8.66699,6.10352,-3.05176
5688.36,8.18338,3.0574,0.0023942,8.23975,5.18799,-4.88281
5688.365,8.07564,2.91374,0.047884,7.8125,4.63867,-6.7749
5688.37,8.00382,2.72939,0.11971,7.20215,4.21143,-8.17871
5688.375,7.94396,2.478,0.162806,6.7749,3.66211,-9.46045
5688.38,7.93199,2.17394,0.229843,6.95801,3.2959,-10.1929
5688.385,8.06367,1.86508,0.275333,7.99561,3.23486,-10.6812
5688.39,8.26,1.54426,0.335188,9.8877,3.479,-10.376
5688.395,8.57124,1.24738,0.344765,12.6953,3.66211,-9.82666
5688.400000000001,9.004095659142873,0.9561825219736172,0.3737413669390054,16.41907265620579,4.155903835676233,-8.616917916865974
5688.405000000001,9.508964250019416,0.6710886819797309,0.436609683816552,20.99657769177708,5.045873562126577,-6.655958167934098
5688.41,10.02773101123791,0.4025460210424364,0.5209028172095953,26.35501639833141,6.28098737051998,-4.036441461029707
5688.415,10.502281181696263,0.1610020800398408,0.6141536337441718,32.421590070488065,7.810213452735425,-0.8510285024803506
5688.42,10.8745,-0.0430956,0.703895,39.1235,9.58252,2.80762
5688.425,11.133,-0.191536,0.787692,46.2646,11.6577,6.53076
5688.43,11.3605,-0.265756,0.859518,53.2837,14.2212,9.70459
5688.435,11.4227,-0.318429,0.842759,60.0586,16.5405,14.4653
5688.44,11.4395,-0.308852,0.90022,66.9556,18.4937,20.0195
5688.445,11.3533,-0.280122,0.981623,74.5239,20.0195,26.4893
5688.45,11.2097,-0.0957681,1.13964,81.665,21.0571,32.2876
5688.455,11.0923,0.196325,1.24498,87.7075,21.9116,36.8042
5688.46,11.054,0.617704,1.31921,91.8579,22.4609,40.4663
5688.465,11.1259,1.07978,1.42216,94.1162,22.8271,43.7622
5688.47,11.2168,1.52271,1.48919,94.1162,22.9492,47.2412
5688.475,11.2551,1.93451,1.56102,92.1021,22.9492,50.6592
5688.48,11.224,2.35589,1.61369,88.0127,22.583,53.2837
5688.485,11.2911,2.59292,1.64003,82.4585,22.8882,56.2744
5688.49,11.3988,2.70305,1.63285,76.355,23.3765,58.96
5688.495,11.5185,2.67432,1.66397,69.9463,24.5972,62.0117
5688.5,11.5305,2.55701,1.62566,63.7207,26.123,65.4907
5688.505,11.4443,2.36787,1.56341,58.2275,27.9541,69.2749
5688.51,11.2575,2.20267,1.50835,53.5889,29.9072,72.7539
5688.515,11.0492,2.02071,1.46046,49.7437,31.9824,75.9888
5688.52,10.7787,1.8986,1.41258,46.2036,33.9355,79.2236
5688.525,10.5034,1.76213,1.33118,43.5181,35.8276,81.9092
5688.53,10.2999,1.62566,1.25217,41.2598,37.5366,84.2285
5688.535,10.1011,1.51314,1.14203,39.4287,39.0625,86.853
5688.54,9.87848,1.41497,1.08218,37.8418,40.3442,89.6606
5688.545,9.65582,1.34794,0.993594,36.377,41.4429,91.9189
5688.55,9.47146,1.35033,0.885855,34.9731,42.2974,93.9941
5688.555,9.30866,1.37188,0.782904,33.7524,42.9077,95.8862
5688.56,9.165,1.38624,0.701501,32.7148,43.335,97.7783
5688.565,9.06924,1.37188,0.634463,31.8604,43.457,99.0601
5688.57,8.99262,1.34075,0.548272,31.1279,43.7012,100.037
5688.575,8.95192,1.34075,0.4956,31.0059,43.457,100.83
5688.58,8.93516,1.32639,0.471658,30.8838,43.335,101.196
5688.585,8.97107,1.2809,0.426168,31.25,43.2129,101.501
5688.59,9.02853,1.20907,0.363919,32.4097,43.1519,101.807
5688.595,9.07642,1.18034,0.337582,34.4238,43.0298,102.234
5688.6,9.14346,1.16598,0.277727,37.1094,42.9077,102.356
5688.605,9.22965,1.17076,0.237026,40.2222,43.1519,102.173
5688.61,9.27514,1.20668,0.203507,44.0063,43.1519,101.929
5688.615,9.35893,1.27372,0.184354,47.9736,43.2129,101.746
5688.62,9.42358,1.38385,0.167594,52.002,43.335,101.074
5688.625,9.4978,1.51553,0.124498,56.0913,43.457,100.525
5688.63,9.61751,1.65918,0.107739,59.9976,43.5791,99.7925
5688.635,9.68933,1.79326,0.0909797,63.7207,43.6401,99.2432
5688.64,9.78271,1.8986,0.114922,67.3828,43.6401,98.6938
5688.645,9.87608,2.00395,0.114922,71.0449,43.7622,97.9004
5688.65,9.92397,2.14042,0.112527,74.4019,43.5791,97.1069
5688.655,9.97185,2.28407,0.0742203,77.8198,43.5181,96.1304
5688.66,10.0102,2.40617,0.0383072,80.9326,43.1519,94.9707
5688.665,10.0437,2.54264,0.0383072,83.8013,42.7856,93.75
5688.67,10.0652,2.69348,0.0407014,86.1816,42.3584,92.4072
5688.675,10.1275,2.85149,0.047884,88.1958,41.626,90.8203
5688.68,10.2232,2.99275,0.0622492,89.8438,40.8325,89.1724
5688.685,10.3262,3.1388,0.0837971,90.9424,40.1001,87.7075
5688.69,10.422,3.33273,0.117316,91.7969,39.3677,85.6934
5688.695,10.5872,3.52426,0.198719,91.98,38.7573,82.3975
5688.7,10.6877,3.6344,0.246603,91.1255,37.6587,80.6274
5688.705,10.75,3.70144,0.280122,90.21,36.6821,79.5288
5688.71,10.8074,3.73735,0.3304,89.4165,35.8887,78.7964
5688.715,10.8242,3.79242,0.47884,88.9893,35.0952,77.7588
5688.72,10.8673,3.89297,0.533907,88.1348,34.3018,76.1719
5688.725,10.9128,3.99832,0.54109,86.853,33.5083,74.8901
5688.73,10.9128,4.13,0.622492,85.2051,32.8369,73.1812
5688.735,11.0038,4.26407,0.675165,83.1299,32.2266,71.4111
5688.74,11.0421,4.39336,0.703895,80.6885,31.5552,69.8242
5688.745,11.0828,4.51546,0.782904,77.4536,31.1279,67.749
5688.75,11.1259,4.65672,0.792481,73.6084,30.5786,65.7349
5688.755,11.1833,4.81713,0.799663,69.8853,30.0903,63.5986
5688.76,11.2216,4.92248,0.785298,66.2231,29.6631,61.0352
5688.765,11.2671,5.00149,0.782904,62.3169,29.0527,58.5327
5688.77,11.2695,5.0374,0.73502,58.4717,28.3813,56.0303
5688.775,11.3461,5.07092,0.684742,54.6875,27.5269,53.7109
5688.78,11.426798310227882,5.0826829846752,0.6305427363705397,51.239251223006285,26.635748239678577,51.36762384942576
5688.785,11.486265109698422,5.069945117206101,0.5693494707728172,48.165195117275154,25.745899431506576,48.94095947813664
5688.79,11.528345036449933,5.040236323963252,0.5034111370582008,45.41138647836769,24.840376903641808,46.44741237780462
5688.795,11.5568827285207,5.001086531317193,0.4349766690780586,42.92388010184492,23.902203984242057,43.90348804010164
5688.799999999999,11.575722823946265,4.960025665645659,0.3662950006961383,40.64873078366576,22.91440400165036,41.32569195717062
5688.804999999999,11.588709960771189,4.924583653303113,0.2996150657384807,38.5319933185717,21.86000028366772,38.7305296197432
5688.81,11.599688777029582,4.902290420667625,0.2371857980689929,36.51972250255535,20.722016158626577,36.13450651995767
5688.815,11.612503910759756,4.90067589410974,0.1812561315390433,34.55797313117777,19.483474954684745,33.554128149485955
5688.82,11.631,4.92727,0.134075,32.5928,18.1274,31.0059
5688.825,11.6669,4.98233,0.0933739,30.5786,16.6016,28.4424
5688.83,11.7531,5.04698,0.0526724,28.3813,14.7705,25.6958
5688.835,11.8992,5.12359,0.0430956,25.9399,13.0615,22.9492
5688.84,12.1027,5.19302,0.0430956,24.1699,12.3291,20.1416
5688.845,12.2966,5.26964,0.0143652,21.3623,10.6812,17.395
5688.85,12.5911,5.35822,0.0454898,18.8599,9.52148,14.4653
5688.855,12.6988,5.48272,0.0742203,16.1743,8.54492,11.7798
5688.86,12.7252,5.57131,0.105345,13.5498,7.44629,9.0332
5688.865,12.6893,5.68862,0.129287,10.7422,6.28662,6.04248
5688.87,12.5648,5.81791,0.134075,7.69043,4.88281,2.62451
5688.875,12.4163,5.93044,0.143652,4.45557,3.11279,-1.34277
5688.88,12.3373,6.03339,0.162806,0.915527,1.09863,-5.7373
5688.885,12.2775,6.11,0.160412,-2.74658,-1.2207,-10.498
5688.89,12.2487,6.16507,0.114922,-6.7749,-3.54004,-15.9302
5688.895,12.2128,6.19141,0.105345,-10.8032,-6.04248,-21.5454
5688.9,12.1027,6.16746,0.100556,-14.6484,-8.78906,-27.3438
5688.905,11.9064,6.13394,0.102951,-18.4326,-11.7798,-33.3252
5688.91,11.6119,6.07648,0.143652,-22.2778,-14.7705,-39.4287
5688.915,11.2719,5.98072,0.203507,-25.9399,-17.7612,-46.0205
5688.92,10.8386,5.81073,0.237026,-29.9683,-20.9961,-52.063
5688.925,10.3884,5.5761,0.25618,-33.6914,-24.231,-57.9224
5688.93,9.94073,5.34865,0.31364,-37.3535,-27.5879,-63.9648
5688.935,9.53611,5.1188,0.380678,-41.5039,-30.9448,-70.4956
5688.94,9.18895,4.93924,0.428562,-46.1426,-34.4849,-77.6367
5688.945,8.95671,4.79319,0.454898,-51.8188,-38.3301,-85.144
5688.95,8.86094,4.57053,0.435745,-58.2275,-42.0532,-91.98
5688.955,8.90882,4.40054,0.373495,-65.0635,-45.8984,-98.4497
5688.96,9.06205,4.18985,0.325611,-72.0215,-49.2554,-104.797
5688.965,9.27514,4.02226,0.263362,-78.9795,-52.4292,-110.718
5688.97,9.56484,3.85466,0.186748,-85.3271,-55.3589,-116.516
5688.975,9.87369,3.69665,0.0311246,-90.9424,-57.9834,-121.826
5688.9800000000005,10.149749406007894,3.568343639420676,-0.1090862616847943,-95.5935429034684,-60.03224441236708,-126.57523451015268
5688.985000000001,10.38174917911315,3.4716527452635746,-0.2106394015240678,-99.30602709087744,-61.51770037737309,-130.876140334569
5688.99,10.567180249186178,3.404878031405677,-0.2823096705107295,-102.194399826119,-62.546364136049874,-134.8532289032749
5688.995,10.703533546194558,3.3663202116903963,-0.332871919673283,-104.37320837457574,-63.22483192993937,-138.63101164842578
5689.0,10.7883,3.35428,-0.371101,-105.957,-63.6597,-142.334
5689.005,10.8362,3.35906,-0.409408,-107.056,-63.9648,-145.996
5689.01,10.9152,3.35188,-0.454898,-107.727,-64.27,-149.536
5689.015,11.0492,3.33512,-0.474052,-107.91,-64.5142,-153.503
5689.02,11.236,3.29442,-0.514753,-107.605,-64.3311,-157.715
5689.025,11.4251,3.2609,-0.533907,-106.812,-64.1479,-161.987
5689.03,11.6047,3.2202,-0.56982,-105.713,-63.8428,-165.833
5689.035,11.7651,3.21062,-0.646434,-104.065,-63.4155,-169.373
5689.04,11.888001577440075,3.1893067696182578,-0.6890044926815333,-102.09369744190498,-62.809183135077966,-172.5463570640731
5689.045,11.967368024346108,3.1497900393896154,-0.6906292234588618,-99.97772812484058,-62.04484040591844,-175.37754465660706
5689.05,12.000843682532109,3.102494924351846,-0.6688140078954239,-97.8403200868237,-61.174726109219954,-177.9403537171044
5689.055,11.98607289381207,3.057846539542717,-0.6410646615546574,-95.8047013658712,-60.25109454168098,-180.30857518506784
5689.06,11.9207,3.02627,-0.624887,-93.9941,-59.3262,-182.556
5689.065,11.801,3.00472,-0.617704,-92.4683,-58.4717,-184.753
5689.07,11.631,2.95923,-0.567426,-91.1255,-57.8613,-186.89
5689.075,11.4539,2.91614,-0.517148,-90.1489,-57.6782,-188.721
5689.08,11.2791,2.87544,-0.4956,-89.5386,-57.7393,-190.247
5689.085,11.1139,2.87304,-0.466869,-88.8672,-57.9224,-191.956
5689.09,10.9702,2.84431,-0.402226,-88.623,-58.1665,-193.604
5689.095,10.8505,2.80122,-0.385466,-88.3789,-58.4106,-195.251
5689.1,10.7332,2.7677,-0.399832,-88.0737,-58.6548,-196.35
5689.105,10.6566,2.69827,-0.378284,-87.7686,-58.7158,-197.388
5689.11,10.5991,2.65756,-0.402226,-87.2803,-59.021,-198.425
5689.115,10.5632,2.60489,-0.385466,-86.9751,-59.021,-199.158
5689.12,10.5512,2.52588,-0.392649,-86.731,-58.8379,-199.768
5689.125,10.5273,2.50433,-0.383072,-86.1206,-58.5938,-200.195
5689.13,10.5417,2.46363,-0.414197,-84.8999,-58.1055,-200.684
5689.135,10.4866,2.41336,-0.428562,-83.0078,-57.9224,-200.989
5689.14,10.4579,2.36547,-0.486023,-81.1157,-57.4951,-201.233
5689.145,10.4363,2.33435,-0.526724,-78.7964,-56.8237,-201.111
5689.15,10.398,2.2721,-0.553061,-76.2329,-56.0913,-200.928
5689.155,10.3477,2.20745,-0.596156,-73.1201,-55.1758,-200.684
5689.16,10.2927,2.12605,-0.596156,-69.8242,-54.3823,-200.073
5689.165,10.2472,2.06859,-0.622492,-65.979,-53.4058,-199.768
5689.17,10.1562,2.01592,-0.653617,-61.7676,-52.4902,-199.219
5689.175,10.0796,1.97043,-0.699107,-57.312,-51.3916,-198.547
5689.18,9.96227,1.95127,-0.715866,-52.4292,-50.1099,-197.754
5689.185,9.82341,1.92973,-0.744597,-47.1191,-49.0112,-196.533
5689.19,9.71088,1.92733,-0.758962,-41.8091,-47.9126,-194.946
5689.195,9.58399,1.92254,-0.778116,-36.8042,-46.5698,-193.359
5689.2,9.45231,1.9417,-0.811634,-31.9824,-45.2881,-191.589
5689.205,9.35415,1.95606,-0.806846,-27.71,-44.0674,-189.514
5689.21,9.24641,1.99676,-0.828394,-23.8037,-42.9077,-187.073
5689.215,9.16261,2.01113,-0.816423,-20.2637,-41.9312,-184.631
5689.22,9.10275,1.99916,-0.792481,-17.2729,-40.8936,-181.946
5689.225,9.08839,2.00395,-0.785298,-14.4043,-39.856,-179.321
5689.23,9.09797,1.97043,-0.778116,-11.5967,-38.8794,-177.063
5689.235,9.15303,1.95606,-0.754174,-8.8501,-37.5366,-174.744
5689.24,9.22725,1.93451,-0.797269,-6.10352,-36.377,-172.302
5689.245,9.31584,1.93212,-0.826,-3.17383,-34.9731,-169.678
5689.25,9.40921,1.8986,-0.845153,-0.427246,-33.3862,-166.931
5689.255,9.51216,1.88424,-0.864307,2.44141,-31.6772,-163.696
5689.26,9.60554,1.88903,-0.849942,5.06592,-30.0903,-160.095
5689.265,9.73482,1.86269,-0.897826,7.75146,-28.3203,-156.006
5689.27,9.83299,1.87227,-0.916979,9.39941,-27.9541,-151.367
5689.275,10.058,1.83396,-0.888249,11.3525,-26.3672,-146.118
5689.28,10.3477,1.7741,-0.869095,13.4888,-24.0479,-140.381
5689.285,10.647,1.66876,-0.866701,15.9912,-21.1182,-134.155
5689.29,10.8888,1.57778,-0.787692,18.0664,-18.4326,-127.38
5689.295,11.1043,1.48919,-0.790087,19.7144,-16.2964,-119.751
5689.3,11.3318,1.38145,-0.703895,22.0947,-13.0615,-111.938
5689.305,11.5233,1.29047,-0.665588,24.5361,-9.8877,-104.248
5689.31,11.6574,1.21147,-0.670376,27.1606,-6.7749,-96.0693
5689.315,11.7268,1.11091,-0.656011,30.0293,-3.84521,-88.0127
5689.32,11.7053,0.984017,-0.622492,33.02,-1.28174,-79.1016
5689.325,11.6454,0.845153,-0.545878,36.438,1.46484,-70.3125
5689.33,11.6406,0.76375,-0.452504,38.6353,4.63867,-61.3403
5689.335,11.5999,0.663194,-0.316035,40.5884,7.62939,-51.5137
5689.34,11.5305,0.550666,-0.23942,42.5415,10.7422,-41.687
5689.345,11.4347,0.445322,-0.143652,45.105,13.4888,-31.7993
5689.35,11.3533,0.31364,-0.110133,48.584,15.8691,-21.7285
5689.355,11.2815,0.208296,-0.0550666,51.8188,18.4326,-11.6577
5689.36,11.2192,0.122104,-0.0766145,55.603,20.6299,-1.58691
5689.365,11.2025,0.136469,-0.0526724,59.5093,22.7661,8.36182
5689.37,11.2743,0.215478,-0.0287304,62.8662,25.3296,18.1274
5689.375,11.4682,0.28491,-0.0742203,66.2842,27.9541,28.0151
5689.38,11.6574,0.378284,-0.122104,69.519,30.2734,38.147
5689.385,11.8465,0.454898,-0.234632,72.5708,31.9214,48.7061
5689.39,12.0716,0.572214,-0.35913,76.0498,34.4238,59.3872
5689.395,12.2846,0.665588,-0.4956,79.7119,37.1094,69.7021
5689.4,12.4522,0.770933,-0.59855,83.8623,40.2222,80.1392
5689.405,12.6557,0.869095,-0.725443,88.3179,43.6401,90.4541
5689.41,12.7826,1.04627,-0.818817,92.8345,46.814,100.708
5689.415,12.9718,1.22823,-0.981623,97.0459,49.8657,111.45
5689.42,13.1801,1.38864,-1.08936,101.318,53.4668,122.742
5689.425,13.2902,1.5682,-1.11809,105.103,57.4951,134.033
5689.43,13.216,1.72622,-1.16837,108.459,61.6455,145.996
5689.435,12.8928,1.94888,-1.09654,110.84,64.8193,157.593
5689.44,12.402,2.20745,-1.00796,111.572,67.0166,168.457
5689.445,11.9566,2.64799,-0.902614,111.572,70.1294,175.476
5689.45,11.6765,3.00951,-0.663194,110.413,73.1201,180.176
5689.455,11.2934,3.23217,-0.486023,106.628,73.7915,186.768
5689.46,11.0828,3.44765,-0.306458,102.112,73.6084,192.81
5689.465,11.0277,3.70144,-0.248997,97.6562,71.8384,197.998
5689.47,11.1115,3.89776,-0.272939,94.1162,69.7021,202.881
5689.475,11.3629,4.0055,-0.25618,91.5527,67.8711,206.299
5689.48,11.7436,4.05099,-0.0885855,87.7075,66.1621,209.656
5689.485,12.2559,4.11324,0.110133,82.7637,65.3076,211.853
5689.49,12.8305,4.2545,0.457293,75.7446,65.0024,213.745
5689.495,13.3405,4.6639,0.866701,65.4907,65.5518,214.905
5689.5,13.8672,5.24809,1.41497,50.5981,67.2607,213.989
5689.505,14.3197,5.86819,1.74298,32.2266,68.6646,214.722
5689.51,14.5113,6.35421,1.95606,12.6343,70.0684,216.736
5689.515,14.2862,6.64152,2.00634,-6.71387,70.1294,217.285
5689.52,13.9582,6.67264,2.02549,-25.5737,69.6411,214.783
5689.525,13.5033,6.42364,2.00634,-43.0908,68.6035,213.623
5689.53,13.0556,6.0286,1.9824,-59.5093,66.7725,213.745
5689.535,12.5432,5.69341,1.91297,-73.6084,65.0635,214.6
5689.54,12.1386,5.51624,1.84114,-85.6934,63.3545,211.609
5689.545,11.7819,5.39414,1.7334,-97.29,60.6689,207.764
5689.55,11.5017,5.2864,1.58017,-108.093,58.1055,204.285
5689.555,11.3222,5.03979,1.49877,-117.065,54.9316,201.843
5689.56,11.2336,4.64475,1.25935,-123.352,50.5981,200.195
5689.565,11.054,4.12521,1.01754,-126.831,46.814,198.486
5689.57,11.4443,3.72777,0.931344,-128.967,45.105,195.984
5689.575,12.0452,3.70622,0.926556,-127.38,47.3633,191.467
5689.58,12.2416,3.85227,0.845153,-122.314,50.5371,184.631
5689.585,12.0285,3.95043,0.584185,-116.821,51.6968,178.284
5689.59,11.6095,3.85227,0.385466,-112.366,51.8799,173.889
5689.595,11.0852,3.53384,0.289698,-107.483,52.063,171.204
5689.6,10.6135,3.14119,0.227449,-100.647,52.6123,169.373
5689.605,10.2687,2.80361,0.107739,-91.6748,52.8564,167.053
5689.61,10.0149,2.6025,-0.0790087,-81.1768,53.4058,163.696
5689.615,9.92157,2.58574,-0.186748,-70.6177,54.3823,159.851
5689.62,9.83538,2.69587,-0.335188,-59.9976,55.542,155.701
5689.625,9.73004,2.71502,-0.519542,-48.7061,55.9082,152.344
5689.63,9.63427,2.68629,-0.656011,-37.9028,56.3354,150.024
5689.635,9.4978,2.61207,-0.761356,-26.7944,56.8848,147.949
5689.64,9.37809,2.51152,-0.835576,-15.1978,57.5562,145.813
5689.645,9.26317,2.3942,-0.893037,-2.74658,58.2275,143.494
5689.65,9.14585,2.30083,-0.993594,10.498,58.6548,140.869
5689.655,9.08839,2.22421,-1.01754,24.1699,59.021,138.0
5689.66,9.03811,2.18591,-1.04866,38.0859,59.4482,135.01
5689.665,8.99741,2.16436,-1.10852,51.8799,60.0586,131.653
5689.67,8.86812,2.21942,-1.27611,66.3452,60.0586,128.113
5689.675,8.76278,2.22661,-1.37188,81.1768,59.082,124.695
5689.68,8.68138,2.28167,-1.41497,95.6421,58.5327,121.216
5689.685,8.61194,2.36308,-1.42455,109.009,58.2275,117.798
5689.69,8.56167,2.53546,-1.45807,120.728,57.4951,114.258
5689.695,8.54969,2.77249,-1.41258,130.737,56.8237,110.474
5689.7,8.60955,3.04782,-1.2785,138.855,55.7251,106.628
5689.705,8.65025,3.29682,-1.17795,144.775,54.4434,102.905
5689.71,8.73165,3.5099,-1.09654,149.353,52.8564,98.7549
5689.715,8.88967,3.69665,-0.924162,151.978,51.3916,94.8486
5689.72,9.0836,3.84988,-0.80924,153.931,49.6826,90.9424
5689.725,9.98622,3.94564,-0.739808,155.701,48.0347,87.1582
5689.73,9.44034,3.65595,-0.859518,165.771,60.4248,89.1113
5689.735,11.5137,3.83791,-0.423774,166.809,52.6733,81.2378
5689.74,9.67257,3.94804,-0.332794,171.448,53.1006,80.2612
5689.745,9.71806,4.09169,-0.213084,176.88,53.6499,76.7822
5689.75,9.73482,4.30238,-0.155623,182.068,52.8564,74.3408
5689.755,9.70609,4.51786,-0.112527,185.608,51.8188,71.6553
5689.76,9.61272,4.72615,-0.138864,187.622,50.5371,68.7256
5689.765,9.5792,4.86023,-0.179565,188.782,49.4385,66.2231
5689.77,9.56962,4.97994,-0.229843,188.904,48.4009,63.9038
5689.775,9.63666,5.1619,-0.344765,187.622,47.2412,61.0962
5689.78,9.73482,5.3678,-0.474052,185.181,46.2036,57.9834
5689.785,9.90481,5.533,-0.562637,181.763,44.9829,55.1758
5689.79,10.0533,5.6982,-0.687136,177.368,43.8843,53.2837
5689.795,10.1586,5.81073,-0.756568,172.363,42.9688,52.1851
5689.8,10.173,5.92804,-0.859518,167.053,41.9312,51.7578
5689.805,10.1682,5.96874,-0.969652,161.682,41.1377,51.6968
5689.81,10.0437,5.99508,-1.06542,156.067,39.917,52.4902
5689.815,9.88566,6.1124,-1.20907,150.574,38.5742,52.7344
5689.82,9.78031,6.24647,-1.30484,144.714,37.4146,51.5137
5689.825,9.71567,6.4404,-1.42694,137.573,35.6445,50.293
5689.83,9.75877,6.66546,-1.51314,129.578,33.7524,48.0347
5689.835,9.88326,6.76601,-1.60172,120.239,31.4331,45.9595
5689.84,10.0533,6.88094,-1.66636,110.535,28.8086,43.6401
5689.845,10.3262,6.95037,-1.74777,100.464,25.9399,41.1987
5689.85,10.6566,6.95516,-1.84832,90.5151,22.7051,39.3677
5689.855,11.0636,6.95037,-1.90339,81.543,19.043,37.7197
5689.86,11.4634,6.95994,-1.97761,73.1201,15.7471,35.6445
5689.865,11.8968,7.16106,-1.90818,64.4531,12.146,31.4941
5689.87,12.3421,7.36696,-1.84354,54.1992,8.11768,26.8555
5689.875,12.7395,7.52498,-1.75016,43.6401,3.90625,23.0713
5689.88,12.8952,7.6806,-1.57538,33.2642,0.0610352,19.6533
5689.885,12.7946,7.82665,-1.35512,22.2778,-3.72314,15.3198
5689.89,12.3828,7.98227,-1.20189,10.6201,-8.23975,10.2539
5689.895,11.825,8.09958,-1.05345,-1.52588,-13.4888,4.82178
5689.9,11.2647,8.13071,-0.914585,-14.4043,-18.7378,-1.34277
5689.905,10.7739,8.14986,-0.715866,-28.0151,-23.8647,-7.8125
5689.91,10.3813,8.02297,-0.533907,-42.7856,-28.9917,-14.6484
5689.915,10.0963,7.63511,-0.423774,-58.4717,-34.3018,-20.3247
5689.92,9.83777,7.185,-0.342371,-73.4253,-39.3677,-25.2686
5689.925,9.5816,6.86657,-0.19393,-87.0361,-43.8843,-32.4097
5689.93,9.38766,6.62954,-0.138864,-100.22,-48.3398,-40.2222
5689.935,9.26077,6.43083,-0.0574608,-112.793,-52.4902,-48.8892
5689.94,9.19373,6.14831,-0.0215478,-125.244,-57.0068,-56.8848
5689.945,9.31344,5.83228,-0.0454898,-136.719,-61.3403,-64.27
5689.95,9.50737,5.51624,-0.0933739,-147.217,-65.6128,-71.8994
5689.955,9.86651,5.15232,-0.174777,-156.677,-70.2515,-78.6133
5689.96,10.307,4.78361,-0.3304,-164.673,-74.585,-84.7778
5689.965,10.8362,4.47716,-0.471658,-170.837,-78.8574,-90.3931
5689.97,11.3916,4.24731,-0.687136,-175.415,-82.5195,-95.7642
5689.975,11.8824,4.07493,-0.806846,-178.467,-85.4492,-100.952
5689.98,12.3301,3.98635,-0.921768,-180.664,-87.4023,-105.835
5689.985,12.7252,3.98156,-0.94571,-181.885,-88.0737,-110.84
5689.99,12.9694,3.96719,-0.92895,-182.556,-88.1958,-115.112
5689.995,13.0173,3.95043,-0.94571,-182.556,-88.4399,-117.798
5690.0,12.9861,4.05817,-0.921768,-181.519,-87.5854,-121.521
5690.005,12.9071,4.18746,-0.869095,-179.871,-86.2427,-126.587
5690.01,12.7204,4.31675,-0.835576,-178.955,-85.2661,-131.348
5690.015,12.4953,4.43885,-0.804452,-178.345,-84.4116,-135.864
5690.02,12.2296,4.48913,-0.715866,-178.284,-83.7402,-139.709
5690.025,11.9854,4.56335,-0.677559,-178.162,-83.1909,-143.86
5690.03,11.8848,4.60644,-0.646434,-178.223,-82.5195,-148.315
5690.035,11.7914,4.59687,-0.612916,-178.65,-82.2754,-152.405
5690.04,11.7962,4.64236,-0.600945,-178.833,-81.543,-157.776
5690.045,11.8848,4.61123,-0.591368,-178.955,-80.5054,-163.696
5690.05,11.9471,4.47716,-0.560243,-178.955,-79.3457,-169.373
5690.055,11.9878,4.2952,-0.536301,-178.711,-77.9419,-174.5
5690.06,11.942921009884644,4.076719443419549,-0.4980142193728971,-178.2124350810987,-76.45445065575292,-179.0460528865159
5690.0650000000005,11.814442314037295,3.841111530059408,-0.4380602049389879,-177.70193909170055,-74.95745143234575,-183.14774812222143
5690.07,11.629393113280992,3.613707895026808,-0.3575058808327738,-177.48342556178108,-73.47785688130404,-186.97221691405852
5690.075,11.41480260833016,3.4198401733033297,-0.2574181711428274,-177.86080802119548,-72.04262155334507,-190.68659047101585
5690.08,11.1977,3.28484,-0.138864,-179.138,-70.6787,-194.458
5690.085,11.0181,3.25372,-0.0383072,-181.885,-69.2139,-198.303
5690.09,10.8984,3.44047,-0.0287304,-187.073,-67.0166,-202.026
5690.095,10.7428,3.80439,0.0550666,-194.275,-64.3921,-206.36
5690.1,10.7811,3.93367,-0.0191536,-205.139,-61.5845,-209.534
5690.105,10.7069,3.90494,-0.23942,-217.59,-59.2651,-208.191
5690.11,10.477,3.64876,-0.411803,-229.37,-55.9082,-207.092
5690.115,10.3358,3.17232,-0.622492,-238.953,-54.6875,-206.055
5690.12,10.0628,2.32238,-0.711078,-242.249,-53.6499,-204.285
5690.125,10.0197,1.14682,-0.869095,-239.929,-53.894,-202.576
5690.13,10.058,-0.100556,-0.773327,-232.422,-52.5513,-200.684
5690.135,10.0365,-0.902614,-0.701501,-221.436,-48.8892,-199.158
5690.14,10.0628,-1.00317,-0.708684,-206.543,-42.9688,-202.393
5690.145,10.1083,-0.711078,-0.847547,-189.758,-37.6587,-206.238
5690.15,10.0676,-0.201113,-1.0343,-173.584,-33.5693,-207.947
5690.155,9.95988,0.270545,-1.09894,-159.668,-30.0903,-208.313
5690.16,9.91199,0.584185,-1.04866,-148.621,-26.9165,-207.764
5690.165,9.8689,0.749385,-0.936133,-138.733,-23.9868,-205.078
5690.17,9.93594,0.907402,-0.905008,-128.54,-21.1182,-202.515
5690.175,10.0293,1.05824,-0.909797,-117.981,-18.0054,-199.463
5690.18,10.1323,1.22104,-0.914585,-106.873,-14.8926,-196.533
5690.185,10.2639,1.29526,-0.907402,-95.3369,-11.4746,-192.566
5690.19,10.3884,1.38864,-0.952892,-83.0688,-7.99561,-188.416
5690.195,10.5297,1.46525,-0.960075,-70.1294,-4.69971,-184.875
5690.2,10.6446,1.52989,-0.948104,-56.9458,-1.58691,-181.763
5690.205,10.726,1.60412,-0.94571,-43.457,1.15967,-179.077
5690.21,10.7907,1.64721,-0.926556,-30.0293,3.72314,-176.147
5690.215,10.8362,1.67594,-0.969652,-16.1743,6.40869,-173.096
5690.22,10.8601,1.72861,-0.981623,-2.50244,8.97217,-170.227
5690.225,10.8793,1.79565,-1.04148,11.2915,11.6577,-167.419
5690.23,10.9271,1.87227,-1.11809,25.1465,14.1602,-165.283
5690.235,10.9678,1.97282,-1.28329,38.6963,16.1133,-162.842
5690.24,11.0732,2.03986,-1.41737,52.3071,17.8223,-160.156
5690.245,11.1594,2.06141,-1.58736,65.4907,18.8599,-156.86
5690.25,11.3054,2.16436,-1.75974,77.7588,19.4702,-155.212
5690.255,11.5903,2.17633,-1.91776,88.3789,19.3481,-153.32
5690.26,11.9734,2.16675,-2.03747,97.1069,19.104,-151.062
5690.265,12.4427,2.01113,-2.15478,104.858,19.3481,-147.278
5690.27,12.8856,1.75974,-2.13563,111.572,20.2637,-142.761
5690.275,13.2974,1.47722,-2.13802,117.126,21.9116,-137.634
5690.28,13.5272,1.16598,-2.13323,122.803,24.1699,-131.836
5690.285,13.5608,0.852336,-2.0662,128.296,26.5503,-125.916
5690.29,13.3932,0.550666,-2.09732,133.362,28.7476,-119.629
5690.295,13.0987,0.275333,-2.00395,138.062,30.7007,-113.098
5690.3,12.7156,0.0790087,-1.84593,142.273,31.3721,-107.3
5690.305,12.3661,-0.0646434,-1.69031,145.081,31.1279,-101.624
5690.31,12.0787,-0.205901,-1.54905,146.79,29.7852,-95.52
5690.315,11.8657,-0.361524,-1.44131,146.973,27.8931,-88.623
5690.32,11.7579,-0.533907,-1.29526,145.386,26.1841,-81.1157
5690.325,11.6669,-0.737414,-1.08697,143.005,24.5972,-72.6318
5690.33,11.6238,-0.916979,-0.895431,140.198,23.0713,-63.5986
5690.335,11.6765,-1.06542,-0.744597,137.207,21.5454,-54.0771
5690.34,11.7938,-1.13246,-0.581791,133.911,20.3247,-44.4946
5690.345,11.9423,-1.09894,-0.421379,130.615,19.2871,-34.6069
5690.35,12.1697,-1.02711,-0.306458,127.258,18.6768,-24.4751
5690.355,12.39,-0.952892,-0.160412,124.39,18.8599,-13.9771
5690.36,12.4163,-0.797269,-0.0885855,121.887,19.5312,-4.21143
5690.365,12.3397,-0.565032,-0.0047884,118.958,20.5078,5.18799
5690.37,12.1889,-0.263362,0.0143652,115.417,21.8506,15.4419
5690.375,11.9686,0.146046,0.0023942,111.877,22.9492,25.3906
5690.38,11.7962,0.497994,-0.0981623,108.704,24.353,35.1562
5690.385,11.6646,0.80924,-0.203507,105.286,25.3906,44.4946
5690.39,11.5496,1.17076,-0.323217,101.99,26.7944,53.5889
5690.395,11.5401,1.52032,-0.402226,98.6938,28.1982,62.8052
5690.4,11.473,1.80044,-0.550666,95.2759,29.2969,73.4253
5690.405,11.3629,2.03028,-0.665588,92.4072,30.2734,85.2661
5690.41,11.3102,2.34153,-0.6608,90.0269,31.9214,95.3979
5690.415,11.315,2.57856,-0.584185,87.3413,33.1421,106.14
5690.42,11.327,2.87544,-0.493206,84.1064,34.3018,115.662
5690.425,11.3964,3.2202,-0.287304,79.9561,34.8511,124.451
5690.43,11.6047,3.52426,-0.071826,74.4019,35.5835,132.263
5690.435,11.7938,3.73974,0.0957681,67.9932,35.8276,140.137
5690.44,11.9902,3.90973,0.241814,61.0352,35.9497,147.827
5690.445,12.1482,3.95283,0.421379,53.1006,35.3394,156.86
5690.45,12.2248,4.02705,0.502782,44.7388,33.9966,166.199
5690.455,12.2966,4.19464,0.677559,37.7197,33.5083,172.607
5690.46,12.4307,4.35745,0.785298,30.8228,32.8369,177.49
5690.465,12.5097,4.36942,1.06542,22.2778,32.1045,184.57
5690.47,12.5384,4.41251,1.45807,11.5967,32.4097,191.956
5690.475,12.5169,4.63039,1.88903,-1.58691,32.6538,197.449
5690.48,12.5432,4.94881,2.25773,-17.2119,33.0811,201.782
5690.485,12.5241,5.33668,2.49715,-33.6304,33.5693,205.2
5690.49,12.3254,5.5737,2.64799,-50.1709,32.7759,211.365
5690.495,11.9088,5.80354,2.75573,-65.2466,32.8369,212.891
5690.5,11.5041,5.87058,2.92571,-79.9561,33.02,210.449
5690.505,11.2144,5.77003,3.03824,-95.2148,33.2031,206.909
5690.51,10.8553,5.49469,2.9712,-110.779,32.4707,205.505
5690.515,10.501,5.24091,2.88022,-124.451,31.9824,204.102
5690.52,10.3358,4.87938,2.79882,-135.986,32.1655,200.439
5690.525,10.228,4.44364,2.57137,-145.569,31.3721,198.181
5690.53,10.0221,4.06775,2.32956,-153.137,29.8462,195.74
5690.535,10.0892,3.68468,2.04704,-158.386,28.4424,193.726
5690.54,9.83777,3.31836,1.79326,-160.522,27.0996,190.918
5690.545,9.96946,3.07415,1.48201,-160.583,25.0854,189.148
5690.55,10.635,2.8922,1.07978,-156.799,24.4751,186.462
5690.555,11.0325,2.46363,0.588974,-148.804,25.5127,183.899
5690.56,11.0756,1.92733,0.28491,-138.794,28.5034,182.739
5690.565,10.8553,1.63285,0.325611,-125.854,34.4238,181.396
5690.57,10.4076,1.65918,0.215478,-110.168,40.6494,177.734
5690.575,9.83059,1.74777,0.0023942,-93.811,44.2505,173.34
5690.58,9.32781,1.87945,-0.169988,-78.7964,46.4478,169.922
5690.585,8.97586,1.90339,-0.282516,-64.7583,47.7295,168.091
5690.59,8.73165,1.82438,-0.383072,-50.293,48.7061,167.358
5690.595,8.64786,1.70467,-0.526724,-35.5225,49.4385,166.992
5690.6,8.67419,1.64721,-0.696713,-20.5688,50.1709,166.26
5690.605,8.85136,1.67594,-0.85473,-6.04248,51.3306,164.917
5690.61,9.08121,1.79565,-0.988805,7.62939,52.8564,163.025
5690.615,9.27274,1.87466,-1.08697,21.4233,54.2603,161.133
5690.62,9.46428,1.89621,-1.18034,34.729,55.7861,159.729
5690.625,9.56244,1.8986,-1.22823,47.6074,57.6172,158.569
5690.63,9.59596,1.89142,-1.32878,61.0352,59.4482,157.166
5690.635,9.50259,1.87945,-1.35751,75.3784,60.73,155.579
5690.64,9.36133,1.88903,-1.41018,90.0879,62.0728,153.625
5690.645,9.20331,1.99437,-1.48441,105.164,62.8052,151.672
5690.65,9.06924,2.13802,-1.52989,119.141,63.1104,149.353
5690.655,8.99023,2.37505,-1.56102,131.531,63.3545,146.667
5690.66,8.96868,2.63123,-1.59454,142.639,62.7441,143.86
5690.665,9.01896,2.88501,-1.62327,151.978,61.9507,140.625
5690.67,9.14346,3.08613,-1.62566,159.973,60.9741,137.207
5690.675,9.26077,3.28484,-1.57299,166.504,60.0586,133.606
5690.68,9.43076,3.4668,-1.52989,172.119,59.1431,129.7
5690.685,11.6669,3.66792,-2.35111,183.716,71.6553,130.31
5690.69,11.3509,3.49553,-1.34315,190.308,67.0166,122.864
5690.695,10.6207,3.76608,-1.30005,196.289,68.0542,121.216
5690.7,10.5082,4.0462,-1.09176,202.759,69.2749,117.126
5690.705,10.5321,4.36702,-0.948104,209.045,69.2139,114.014
5690.71,10.5153,4.61602,-0.830788,213.745,68.2983,111.267
5690.715,10.3956,4.82192,-0.758962,216.614,66.5283,108.337
5690.72,10.2735,4.97036,-0.701501,218.201,64.6362,104.797
5690.725,10.2065,5.07331,-0.706289,218.872,62.7441,101.135
5690.73,10.1993,5.1619,-0.778116,219.116,60.73,97.1069
5690.735,10.3453,5.14753,-0.773327,218.628,59.2651,92.7734
5690.74,10.5034,5.19063,-0.799663,217.102,57.9224,88.562
5690.745,10.726,5.30555,-0.905008,214.539,56.1523,84.2896
5690.75,10.9846,5.35583,-0.967257,210.754,54.4434,80.6885
5690.755,11.2336,5.4085,-1.04627,206.482,52.8564,78.3691
5690.76,11.4395,5.39414,-1.12288,201.66,51.5137,77.2095
5690.765,11.5472,5.44441,-1.22104,196.533,50.1099,75.9277
5690.77,11.5472,5.57849,-1.31681,190.491,48.4009,74.3408
5690.775,11.4994,5.75805,-1.4054,184.021,46.6309,72.6929
5690.78,11.3772,5.88974,-1.52989,176.697,44.6167,71.106
5690.785,11.2432,6.07648,-1.62806,169.006,42.5415,68.9087
5690.79,11.1785,6.11719,-1.75974,160.706,40.2222,67.1387
5690.795,11.1282,6.08606,-1.85311,152.771,37.5366,66.4062
5690.8,11.1115,6.04775,-1.9824,145.203,35.0952,66.4062
5690.805,11.1474,6.08845,-2.11169,138.977,32.1655,64.6973
5690.81,11.1642,6.14352,-2.23858,133.362,28.9917,61.8896
5690.815,11.2216,6.26323,-2.27689,127.197,25.3296,58.5327
5690.82,11.356693990090228,6.389910278135633,-2.2964416224370945,120.31810636439744,21.384185804744845,55.20197000904743
5690.825,11.566289982867405,6.507582983403439,-2.3094619835389527,112.72433141185822,17.27822663020758,52.04902899973501
5690.83,11.840978980599466,6.622249549603426,-2.2995375334222627,104.38912327712028,13.063674553297895,49.09050298589889
5690.835,12.171351985554356,6.73991141053561,-2.2502547222037155,95.28593009492155,8.792481650925474,46.343017981375176
5690.84,12.548,6.86657,-2.1452,85.3882,4.5166,43.8232
5690.845,12.9071,7.03177,-1.99437,74.8901,0.244141,41.2598
5690.85,13.0508,7.29034,-1.86029,64.4531,-4.15039,37.5366
5690.855,13.0173,7.48906,-1.69509,53.6499,-8.78906,32.959
5690.86,12.7802,7.5968,-1.58736,42.9688,-13.916,29.1138
5690.865,12.4163,7.68299,-1.37188,32.4707,-18.9209,24.5972
5690.87,12.1147,7.78355,-1.18274,20.874,-23.8647,18.7378
5690.875,11.8705,7.83622,-1.00078,8.54492,-28.5645,12.146
5690.88,11.6382,7.87453,-0.847547,-4.27246,-33.0811,5.31006
5690.885,11.4299,7.87214,-0.679953,-17.1509,-37.2314,-1.70898
5690.89,11.2216,7.77397,-0.483629,-29.7241,-40.5884,-9.09424
5690.895,10.8601,7.58962,-0.411803,-41.5039,-44.4336,-16.6016
5690.9,10.3956,7.34302,-0.351948,-52.4902,-48.4619,-24.0479
5690.905,9.94073,6.96713,-0.320823,-62.3779,-52.3682,-31.6162
5690.91,9.57202,6.5649,-0.335188,-71.167,-56.3354,-38.8794
5690.915,9.37091,6.17704,-0.395043,-79.1016,-60.4858,-46.936
5690.92,9.38048,5.70059,-0.462081,-86.6089,-64.5142,-53.4668
5690.925,9.54089,5.20978,-0.543484,-93.3838,-68.6646,-58.2886
5690.93,9.80665,5.01346,-0.605733,-98.6938,-72.2656,-65.0635
5690.935,10.1993,4.82432,-0.634463,-103.882,-75.8057,-71.7773
5690.94,10.6135,4.72855,-0.706289,-108.826,-79.1016,-78.186
5690.945,10.9439,4.65672,-0.651223,-113.342,-81.604,-83.8623
5690.95,11.169,4.6256,-0.584185,-117.31,-83.9844,-89.7217
5690.955,11.224,4.46279,-0.52433,-120.544,-86.9141,-92.4072
5690.96,11.1618,4.38378,-0.426168,-122.375,-89.2334,-95.5811
5690.965,11.0636,4.44843,-0.378284,-123.047,-91.3696,-99.9146
5690.97,10.9463,4.57532,-0.318429,-123.718,-93.4448,-105.042
5690.975,10.9247,4.78361,-0.232238,-124.329,-95.0928,-110.413
5690.98,10.9511,4.96797,-0.148441,-124.512,-95.459,-116.943
5690.985,10.908,5.09726,-0.141258,-125.549,-96.6187,-122.498
5690.99,10.8721,5.15472,-0.0957681,-126.709,-97.168,-127.441
5690.995,10.8577,5.15711,-0.0981623,-128.052,-97.8394,-131.531
5691.0,10.8721,5.11641,-0.105345,-129.211,-97.9614,-136.047
5691.005,10.9415,5.04698,-0.0407014,-129.944,-97.9614,-140.93
5691.01,11.0612,5.00149,-0.011971,-130.676,-97.9004,-145.935
5691.015,11.1857,4.92966,0.023942,-131.653,-97.5342,-151.367
5691.02,11.3222,4.8291,0.0526724,-132.629,-97.4121,-156.189
5691.025,11.4084,4.64954,0.198719,-133.789,-97.4121,-160.034
5691.03,11.4874,4.4987,0.373495,-135.193,-97.6562,-163.818
5691.035,11.5161,4.32632,0.426168,-137.695,-97.8394,-167.48
5691.04,11.5305,4.30477,0.663194,-143.005,-97.5342,-171.692
5691.045,11.7076,4.53462,0.672771,-152.283,-96.6187,-174.866
5691.05,11.825,4.86023,0.785298,-160.645,-95.52,-178.955
5691.055,11.8657,5.05416,1.0343,-174.438,-93.75,-182.495
5691.06,12.0548,4.9967,0.560243,-191.04,-93.0786,-185.12
5691.065,12.153,4.4604,0.237026,-202.82,-92.4072,-186.218
5691.07,11.7316,3.40216,0.512359,-210.449,-89.1113,-184.937
5691.075,11.3988,2.44209,0.320823,-216.553,-86.9751,-183.411
5691.08,11.1737,1.84832,0.122104,-215.698,-84.7168,-182.495
5691.085,10.8338,1.3216,-0.0742203,-210.083,-80.6274,-180.664
5691.09,10.4914,0.97444,-0.258574,-203.247,-74.8901,-182.312
5691.095,10.161,1.07021,-0.320823,-196.655,-71.167,-188.416
5691.1,10.0437,1.38145,-0.694318,-189.453,-68.1152,-192.322
5691.105,10.0245,1.56581,-0.993594,-180.42,-63.9038,-192.322
5691.11,9.98143,1.69031,-1.12527,-170.593,-59.1431,-191.956
5691.115,9.90481,1.71664,-1.15401,-161.56,-55.481,-192.2
5691.12,9.78031,1.67355,-1.20189,-153.564,-53.2837,-192.505
5691.125,9.69412,1.59454,-1.25935,-145.386,-51.0254,-192.017
5691.13,9.71567,1.50595,-1.22104,-135.437,-46.6309,-192.078
5691.135,9.65821,1.4054,-1.16119,-124.634,-41.748,-192.444
5691.14,9.48104,1.29526,-1.07739,-113.77,-37.6587,-191.65
5691.145,9.27753,1.2809,-1.03669,-102.783,-34.0576,-189.758
5691.15,9.10754,1.33836,-1.00317,-90.8813,-30.7007,-187.561
5691.155,8.98544,1.41737,-0.993594,-79.1626,-27.5269,-184.814
5691.16,8.90164,1.51314,-1.02232,-68.2983,-24.353,-181.519
5691.165,8.85855,1.56102,-1.08218,-57.8003,-21.4233,-178.223
5691.17,8.86094,1.58496,-1.09894,-47.6685,-18.3105,-175.354
5691.175,8.93995,1.58017,-1.12288,-38.0859,-15.0146,-172.729
5691.18,9.04051,1.57299,-1.12767,-28.7476,-11.9019,-170.776
5691.185,9.14824,1.58257,-1.1971,-19.165,-9.15527,-169.128
5691.19,9.21528,1.60172,-1.25696,-9.58252,-6.65283,-167.664
5691.195,9.31344,1.6496,-1.25456,-0.427246,-4.15039,-166.443
5691.2,9.43076,1.78129,-1.2809,8.05664,-1.64795,-165.344
5691.205,9.58638,1.88663,-1.31921,15.7471,0.549316,-164.246
5691.21,9.7875,2.01592,-1.33836,22.3389,2.62451,-162.842
5691.215,9.96227,2.21464,-1.38385,27.2827,3.78418,-161.804
5691.22,10.2855,2.31759,-1.44849,30.3955,4.5166,-159.79
5691.225,10.6757,2.35111,-1.56581,33.3862,5.24902,-156.921
5691.23,11.1282,2.33195,-1.69509,36.438,5.98145,-153.687
5691.235,11.5089,2.25534,-1.85072,39.6729,6.7749,-150.269
5691.24,11.9112,2.06859,-1.97522,42.9077,7.87354,-146.851
5691.245,12.311,1.89142,-2.09014,46.0205,9.46045,-142.944
5691.25,12.6581,1.62806,-2.09014,49.0112,11.8408,-138.916
5691.255,12.9,1.36709,-2.06859,51.4526,14.5264,-134.094
5691.26,13.003924410668851,1.0879723319403836,-2.028211631035836,53.78565878837368,17.46189724220796,-128.20600614112158
5691.265,12.98678311084472,0.7909681748991887,-1.9607212336876865,56.063140752887925,20.463936146527622,-121.48329865436271
5691.27,12.877209605708837,0.4946590719366172,-1.866015020838359,58.16286332287743,23.267756429288497,-114.23781809825871
5691.275,12.703837400371592,0.2176265659495485,-1.7439892053165145,59.9626439288177,25.60859780835617,-106.781505027315
5691.28,12.4953,-0.0215478,-1.59454,61.3403,27.2217,-99.4263
5691.285,12.3038,-0.229843,-1.4437,62.1948,27.8931,-92.1021
5691.29,12.22,-0.483629,-1.35991,62.6221,27.832,-83.7402
5691.295,12.1602,-0.754174,-1.24259,63.0493,27.832,-74.707
5691.3,12.0955,-0.981623,-1.12527,63.5376,27.6489,-65.0024
5691.305,12.0692,-1.10133,-1.02472,64.3921,27.4048,-55.4199
5691.31,12.1458,-1.08457,-0.940921,65.8569,27.771,-46.3257
5691.315,12.311,-1.02232,-0.890643,67.1997,28.2593,-37.3535
5691.32,12.5791,-0.907402,-0.876278,69.0308,28.9307,-28.6255
5691.325,12.888,-0.749385,-0.835576,70.8008,30.1514,-20.5078
5691.33,13.1394,-0.567426,-0.797269,71.9604,31.0669,-11.7798
5691.335,13.2735,-0.354342,-0.785298,72.6318,32.5928,-2.68555
5691.34,13.2998,-0.213084,-0.859518,73.0591,34.9731,6.83594
5691.345,13.1083,-0.0670376,-0.869095,73.3643,37.7808,16.1743
5691.35,12.639,0.0766145,-0.938527,72.8149,39.3677,26.1841
5691.355,12.1506,0.234632,-1.00556,71.8994,40.5273,36.0718
5691.36,11.7029,0.35913,-1.08218,71.228,41.4429,46.3257
5691.365,11.3557,0.428562,-1.13006,70.9839,42.2363,56.3965
5691.37,11.0588,0.490811,-1.21865,71.3501,42.7246,66.4062
5691.375,10.8098,0.543484,-1.31202,72.6318,42.8467,75.9888
5691.38,10.6183,0.591368,-1.34554,75.0122,42.9688,85.7544
5691.385,10.5345,0.725443,-1.34315,77.5757,43.0908,95.2759
5691.39,10.5273,0.919373,-1.26174,80.2002,43.0298,104.736
5691.395,10.6374,1.22583,-1.18034,82.2754,42.6636,114.075
5691.400000000001,10.924816943398673,1.6377730338413758,-1.0499778846674346,83.05816438374788,42.60216457554338,122.13452227550212
5691.405000000001,11.34166297482207,2.11286960096624,-0.8685213538719141,82.35712151912081,42.8380912014285,129.12498879607548
5691.41,11.811610534465393,2.605852651088075,-0.658393280778788,80.12333646305429,43.147455539483886,135.6927941778536
5691.415,12.258332062792062,3.0714551341951224,-0.4420165384340921,76.30787427112995,43.30633325173389,142.48433304045665
5691.42,12.6055,3.46441,-0.241814,70.8618,43.0908,150.146
5691.425,12.8449,3.74693,-0.0646434,64.0259,42.5415,158.447
5691.43,13.0676,3.93607,0.100556,56.8237,42.1143,165.466
5691.435,13.0053,4.13,0.153229,49.6826,40.7715,173.157
5691.44,13.0029,4.27604,0.134075,43.9453,39.0625,178.772
5691.445,12.785,4.23055,0.117316,37.8418,35.8887,187.134
5691.45,12.5887,4.39097,0.265756,31.6772,34.1187,192.749
5691.455,12.536,4.50589,0.52433,24.231,32.7759,196.289
5691.46,12.4834,4.78601,0.866701,15.0146,32.1045,198.547
5691.465,12.5456,5.15232,1.24977,2.80762,31.6772,200.012
5691.47,12.5241,5.60961,1.5706,-11.9019,31.7383,203.125
5691.475,12.3038,6.04775,1.83396,-27.71,31.4941,206.36
5691.48,11.9423,6.40688,1.97522,-43.335,31.5552,206.726
5691.485,11.5784,6.53378,2.04944,-58.5938,31.25,205.2
5691.49,11.2144,6.32069,2.11408,-73.3643,30.3345,205.322
5691.495,10.6422,6.01184,2.1452,-86.6699,29.7852,204.529
5691.5,10.1538,5.68862,2.229,-99.2432,28.8086,200.623
5691.505,9.79468,5.38695,2.13323,-111.45,27.4048,196.96
5691.51,9.52653,5.12599,2.0638,-122.559,26.8555,192.261
5691.515,9.42358,4.80516,1.86269,-133.057,25.3906,188.049
5691.52,9.36851,4.53462,1.67355,-142.273,23.8037,185.181
5691.525,9.35415,4.23055,1.47243,-149.17,22.0337,182.495
5691.53,9.84735,3.97198,1.13006,-153.748,20.4468,179.993
5691.535,10.5536,3.77326,0.761356,-155.273,20.3247,176.758
5691.54,10.8481,3.50032,0.454898,-153.687,22.0337,173.828
5691.545,10.7524,3.16753,0.258574,-149.902,24.4751,171.143
5691.55,10.3693,2.83713,0.131681,-144.043,26.7944,168.945
5691.555,9.92397,2.55461,-0.011971,-136.414,28.8696,166.687
5691.56,9.46428,2.33435,-0.138864,-127.075,30.0903,164.612
5691.565,9.10994,2.19788,-0.227449,-116.76,30.8228,162.537
5691.57,8.86094,2.12126,-0.407014,-105.835,31.4331,160.461
5691.575,8.71729,2.10211,-0.536301,-94.7266,31.9214,158.203
5691.58,8.60955,2.12126,-0.730232,-83.252,32.4707,155.762
5691.585,8.56167,2.12126,-0.888249,-71.4722,32.8979,153.32
5691.59,8.56885,2.09732,-0.998382,-59.6924,33.3252,150.879
5691.595,8.62631,2.04944,-1.08457,-47.6074,33.8745,148.56
5691.6,8.70053,1.96564,-1.18752,-34.9121,34.4849,146.24
5691.605,8.77954,1.8986,-1.27611,-21.6064,35.0952,143.86
5691.61,8.88009,1.76932,-1.31202,-7.20215,35.7666,141.663
5691.615,8.9591,1.67355,-1.34794,7.62939,36.9263,139.587
5691.62,9.03332,1.64482,-1.35512,23.0103,38.0249,137.512
5691.625,9.10994,1.68791,-1.42455,38.0859,39.1235,135.376
5691.63,9.1674,1.78847,-1.48201,52.7344,40.1611,133.24
5691.635,9.1674,1.94409,-1.52511,66.8945,40.4663,131.165
5691.64,9.17937,2.09493,-1.50116,79.9561,40.5884,129.211
5691.645,9.22965,2.2721,-1.52511,91.7358,40.4053,127.136
5691.65,9.30147,2.41336,-1.4868,102.173,39.917,125.061
5691.655,9.39724,2.59531,-1.47004,111.816,39.3066,122.803
5691.66,9.5792,2.73657,-1.46286,120.972,38.4521,120.422
5691.665,9.80426,2.91853,-1.41737,129.211,37.7197,118.103
5691.67,10.0197,3.12683,-1.34315,137.146,37.4146,115.662
5691.675,10.24,3.33512,-1.29766,145.508,36.8042,113.159
5691.68,18.8903,3.95762,-2.85628,154.785,36.9873,114.136
5691.685,8.19535,3.33033,-0.742203,172.18,51.6968,111.206
5691.69,10.6973,3.90973,-0.73502,176.392,49.7437,109.802
5691.695,11.1977,4.20661,-0.694318,186.035,49.7437,107.239
5691.7,11.248,4.56814,-0.481235,195.679,50.8423,104.797
5691.705,11.2336,4.97276,-0.332794,204.102,50.9644,102.417
5691.71,11.1282,5.43244,-0.282516,209.717,50.9033,98.999
5691.715,11.0205,5.8227,-0.146046,213.562,50.6592,95.1538
5691.72,10.8984,6.14592,-0.114922,215.881,50.6592,91.7969
5691.725,10.7978,6.41167,-0.0407014,216.614,50.9644,87.8906
5691.73,10.7835,6.59842,0.0311246,215.515,51.6968,84.3506
5691.735,10.7524,6.71813,-0.0263362,212.891,51.6357,81.9702
5691.74,10.7164,6.87615,-0.0909797,209.778,51.8188,79.4678
5691.745,10.6997,7.01741,-0.141258,205.933,52.3071,76.2939
5691.75,10.6159,7.17063,-0.229843,201.111,52.3071,73.5474
5691.755,10.5776,7.23288,-0.356736,195.374,52.002,71.2891
5691.76,10.4483,7.27119,-0.505177,189.331,51.5137,69.3359
5691.765,10.3046,7.3095,-0.670376,182.678,50.7812,66.6504
5691.77,10.2137,7.39808,-0.897826,175.293,49.8047,62.0117
5691.775,10.2089,7.38611,-1.12049,167.358,48.0957,57.9224
5691.78,10.1897,7.31429,-1.37188,159.851,45.9595,54.9316
5691.785,10.3214,7.24485,-1.56581,153.259,43.5791,51.0254
5691.79,10.3501,7.11317,-1.76932,147.705,40.6494,48.7671
5691.795,10.3693,7.12754,-1.91297,142.761,37.4146,44.1284
5691.8,10.4722,7.13951,-2.0231,136.841,33.8135,38.6963
5691.805,10.6901,7.20655,-2.0638,130.066,29.9072,33.5693
5691.81,11.0061,7.29992,-2.09253,121.887,25.5127,29.1748
5691.815,11.4275,7.41724,-2.04225,112.305,21.1182,25.1465
5691.82,11.9159,7.56568,-1.88184,101.501,17.0288,20.813
5691.825,12.2894,7.70933,-1.77889,90.21,12.7563,16.4185
5691.83,12.39,7.78116,-1.64003,79.7729,8.11768,11.5356
5691.835,12.1961,7.84819,-1.47004,70.1904,3.41797,6.22559
5691.84,11.7507,7.86735,-1.27372,60.6689,-1.58691,0.732422
5691.845,11.1522,7.9272,-1.09894,50.4761,-7.26318,-5.00488
5691.85,10.6494,7.9703,-0.907402,39.4287,-12.7563,-11.2305
5691.855,10.4172,8.00142,-0.742203,27.0386,-17.7002,-18.1885
5691.86,10.489,7.93438,-0.577003,13.3667,-22.2168,-25.6348
5691.865,10.7356,7.80989,-0.459687,-1.34277,-26.123,-32.959
5691.87,11.0756,7.5992,-0.40462,-15.7471,-29.9072,-40.0391
5691.875,11.3796,7.35738,-0.347159,-29.1748,-33.5083,-46.6309
5691.88,11.4634,6.98628,-0.332794,-41.3818,-38.147,-52.063
5691.885,11.3413,6.78038,-0.339977,-52.002,-42.4805,-57.251
5691.89,11.3892,6.70376,-0.299275,-60.8521,-46.2036,-65.8569
5691.895,11.4443,6.58166,-0.445322,-69.458,-50.293,-74.4019
5691.9,11.6167,6.38534,-0.572214,-77.6978,-54.5654,-81.1157
5691.905,11.7938,6.10282,-0.751779,-85.3882,-58.7158,-86.2427
5691.91,12.0333,5.81552,-0.888249,-91.98,-62.8662,-91.4307
5691.915,12.2799,5.50188,-0.979228,-98.0835,-66.4673,-96.6187
5691.92,12.4714,5.25048,-1.03669,-104.004,-69.9463,-100.83
5691.925,12.6725,5.11162,-1.09415,-109.619,-72.5098,-105.652
5691.93,12.7802,4.97515,-1.16358,-115.173,-75.0122,-109.192
5691.935,12.7515,4.87938,-1.1564,-120.361,-77.2705,-112.549
5691.94,12.6127,4.77643,-1.17795,-125.183,-79.7119,-114.807
5691.945,12.3756,4.71179,-1.17316,-129.333,-82.0312,-117.371
5691.95,12.1434,4.73094,-1.17316,-133.362,-83.9233,-120.667
5691.955,11.9614,4.79319,-1.17555,-138.0,-85.5713,-124.451
5691.96,11.8226,4.88417,-1.12288,-142.822,-87.1582,-128.296
5691.965,11.7436,4.95121,-1.13006,-148.315,-88.1348,-132.324
5691.97,11.7005,4.9943,-1.14203,-154.236,-88.9893,-136.169
5691.975,11.6334,4.95121,-1.1564,-160.156,-89.6606,-139.648
5691.98,11.5831,4.89135,-1.19231,-165.649,-90.21,-143.005
5691.985,11.5353,4.80277,-1.24259,-170.715,-90.6982,-146.24
5691.99,11.4778,4.68066,-1.21386,-175.049,-91.0645,-149.414
5691.995,11.4251,4.54419,-1.22583,-178.711,-91.3696,-152.893
5692.0,11.3533,4.4197,-1.19471,-182.373,-91.3086,-156.372
5692.005,11.2815,4.33351,-1.09894,-186.279,-91.1255,-159.912
5692.01,11.1977,4.20422,-1.01993,-190.613,-90.9424,-163.33
5692.015,11.0947,4.05817,-0.957681,-194.824,-90.8813,-166.992
5692.02,10.9798,3.94086,-0.876278,-198.914,-90.332,-170.471
5692.025,10.8697,3.78523,-0.818817,-202.393,-89.4775,-174.072
5692.03,10.726,3.61285,-0.71826,-205.811,-88.4399,-178.162
5692.035,10.5919,3.47638,-0.68953,-209.473,-87.1582,-182.373
5692.04,10.5656,3.40695,-0.80924,-212.219,-86.0596,-186.89
5692.045,10.5441,3.24175,-0.878672,-213.806,-84.4727,-190.857
5692.05,10.4842,2.96163,-0.878672,-214.355,-82.5195,-193.97
5692.055,10.3956,2.71742,-0.857124,-213.379,-80.6274,-195.496
5692.06,10.2879,2.18591,-1.02232,-211.914,-78.4302,-196.472
5692.065,10.2496,1.70707,-1.03669,-207.581,-75.3174,-198.975
5692.07,10.2783,1.41497,-1.10133,-201.355,-73.1201,-202.332
5692.075,10.2639,1.3216,-1.27372,-193.115,-70.7397,-204.895
5692.08,10.1658,1.19471,-1.34315,-184.265,-67.627,-205.2
5692.085,9.94791,1.04387,-1.37427,-175.781,-65.3687,-203.064
5692.09,9.87608,0.957681,-1.35751,-166.321,-62.6831,-202.881
5692.095,9.85932,0.845153,-1.34075,-156.25,-60.0586,-202.515
5692.1,9.83059,0.837971,-1.3623,-145.142,-56.7627,-202.148
5692.105,9.83538,0.919373,-1.35272,-134.094,-53.0396,-202.881
5692.11,9.81862,1.00078,-1.3216,-123.596,-49.3164,-202.393
5692.115,9.77553,1.09176,-1.25456,-113.342,-45.3491,-200.867
5692.12,9.71328,1.25456,-1.20189,-103.638,-41.626,-199.219
5692.125,9.67018,1.29526,-1.18752,-93.8721,-38.5132,-196.716
5692.13,9.60793,1.3623,-1.17795,-84.1675,-35.5225,-194.031
5692.135,9.60793,1.403,-1.18034,-74.3408,-32.7148,-191.345
5692.14,9.65103,1.40779,-1.16598,-64.0259,-29.8462,-188.66
5692.145,9.75877,1.46286,-1.15401,-53.2837,-26.9775,-186.462
5692.15,9.91678,1.47483,-1.16598,-42.0532,-23.9258,-184.753
5692.155,10.0748,1.51792,-1.17555,-31.1279,-20.6299,-183.105
5692.16,10.2831,1.56581,-1.19471,-20.3857,-17.395,-181.152
5692.165,10.4938,1.65679,-1.26414,-9.82666,-14.1602,-178.833
5692.17,10.6925,1.71664,-1.33836,0.366211,-10.9863,-176.025
5692.175,10.8386,1.79805,-1.41258,10.3149,-8.05664,-172.668
5692.18,10.9343,1.85311,-1.46765,19.8975,-5.06592,-169.312
5692.185,11.0253,1.83635,-1.51074,28.6255,-1.89209,-165.71
5692.19,11.0349,1.82438,-1.51792,35.8887,0.671387,-161.621
5692.195,11.1091,1.78368,-1.53708,41.748,2.74658,-156.86
5692.2,11.1881,1.67355,-1.56581,47.4854,5.37109,-152.222
5692.205,11.3365,1.54187,-1.61848,52.9175,8.30078,-147.644
5692.21,11.4586,1.35272,-1.73819,58.5327,11.1694,-143.066
5692.215,11.5927,1.13485,-1.74298,64.0259,13.7939,-138.184
5692.22,11.7412,0.897826,-1.84114,69.0918,16.0522,-132.812
5692.225,11.88,0.653617,-1.88184,74.2798,18.6768,-126.953
5692.23,12.0333,0.37589,-1.92254,79.7729,21.3623,-121.033
5692.235,12.1051,0.117316,-1.98479,85.4492,24.4141,-115.051
5692.24,12.0979,-0.162806,-2.04225,91.5527,26.7944,-109.07
5692.245,11.9423,-0.390255,-2.07098,97.9004,28.3813,-102.478
5692.25,11.7388,-0.629675,-2.04225,104.065,29.7852,-95.9473
5692.255,11.497,-0.881066,-2.04704,109.863,30.3955,-88.9282
5692.26,11.3437,-1.01514,-1.9393,115.723,31.5552,-82.5806
5692.265,11.2097,-1.16119,-1.81959,120.789,32.2266,-75.8057
5692.27,11.0947,-1.35033,-1.66636,124.451,31.7383,-67.0166
5692.275,11.0349,-1.44849,-1.50356,127.869,31.189,-58.0444
5692.28,11.1235,-1.47483,-1.39582,131.409,30.7007,-49.2554
5692.285,11.3725,-1.4054,-1.23301,134.521,30.9448,-41.2598
5692.29,11.7029,-1.30723,-0.979228,136.841,32.1655,-32.8369
5692.295,12.0165,-1.15401,-0.802058,138.306,33.02,-23.1934
5692.3,12.2727,-0.938527,-0.701501,139.16,33.6914,-12.6953
5692.305,12.5145,-0.634463,-0.59855,139.404,34.79,-2.19727
5692.31,12.6366,-0.294487,-0.56982,138.794,36.1328,8.66699
5692.315,12.651,0.0885855,-0.612916,137.268,37.4146,19.5312
5692.32,12.639,0.471658,-0.648829,134.399,38.7573,30.2734
5692.325,12.6174,0.797269,-0.727837,131.042,40.4663,40.7715
5692.33,12.6438,1.0726,-0.835576,127.441,41.8701,52.063
5692.335,12.6534,1.28569,-0.967257,123.779,43.0298,63.7207
5692.34,12.6749,1.46765,-1.13964,120.3,44.4336,75.9888
5692.345,12.536,1.66158,-1.2378,117.554,46.0815,88.623
5692.35,12.2679,1.95846,-1.26414,114.868,47.9126,100.769
5692.355,11.8824,2.37744,-1.24738,111.511,49.4995,112.0
5692.36,11.4634,2.88741,-1.11809,106.812,51.3916,121.704
5692.365,11.0971,3.30879,-0.921768,100.708,53.3447,130.859
5692.37,10.7955,3.69425,-0.684742,92.8955,54.6265,139.221
5692.375,10.5345,3.93367,-0.469264,82.9468,54.2603,148.743
5692.38,10.4363,4.26407,-0.191536,72.0825,53.5278,156.738
5692.385,10.5512,4.43885,0.0143652,60.3027,52.2461,164.49
5692.39,10.671,4.51307,0.158017,48.2178,49.9878,173.523
5692.395,10.9008,4.76686,0.292093,37.5366,49.1943,177.185
5692.4,11.2456,4.8315,0.344765,27.0996,48.0347,180.176
5692.405,11.4563,4.79319,0.378284,17.6392,46.3867,184.692
5692.41,11.6095,4.6663,0.464475,8.30078,44.0063,191.467
5692.415,11.8465,4.707,0.768539,-1.64795,43.0908,197.632
5692.42,12.2128,4.86502,1.20428,-13.1226,43.5791,201.111
5692.425,12.4953,5.23372,1.59933,-27.771,44.4336,203.979
5692.43,12.7204,5.79636,1.83635,-44.4946,45.4102,204.59
5692.435,12.8066,6.26084,1.78607,-62.0117,45.2271,205.933
5692.44,12.7204,6.45956,1.76932,-78.3081,44.3726,208.74
5692.445,12.4091,6.37815,1.72622,-93.2007,42.8467,211.304
5692.45,12.0117,6.09803,1.78847,-106.567,41.3818,211.487
5692.455,11.6741,5.85861,1.80523,-119.385,39.856,210.327
5692.46,11.2791,5.65032,1.74777,-131.287,37.7197,208.313
5692.465,11.0492,5.44441,1.6496,-141.968,35.5225,204.529
5692.47,10.8409,5.24091,1.48201,-152.405,32.8369,202.087
5692.475,10.7093,4.92008,1.39582,-161.011,30.2124,200.745
5692.4800000000005,10.796885955401736,4.606280113450705,1.2583040478609364,-167.15756829221317,27.47477163336429,198.6511687317806
5692.485000000001,11.04887487656372,4.329308002485355,1.0570272720708231,-170.802071364062,24.929409681444078,195.6458367901621
5692.49,11.35762081996975,4.073724834835241,0.8359229723881393,-171.9347902897329,23.08758191312053,192.0516204832744
5692.495,11.615477842287069,3.8240917780955312,0.638924448444909,-170.54600614380269,22.460556096287284,188.19113611720303
5692.5,11.7148,3.56497,0.509965,-166.626,23.5596,184.387
5692.505,11.564,3.28245,0.459687,-160.278,26.3062,180.786
5692.51,11.1594,2.98318,0.40462,-152.039,28.7476,177.002
5692.515,10.6183,2.70784,0.366313,-142.334,30.3955,173.218
5692.52,10.1107,2.44927,0.344765,-131.226,31.7383,169.8
5692.525,9.73482,2.28407,0.328006,-119.446,33.02,166.321
5692.53,9.45949,2.17394,0.222661,-107.056,33.3252,162.598
5692.535,9.2919,2.12605,0.0885855,-94.1772,33.7524,158.813
5692.54,9.21289,2.07577,-0.0981623,-81.1768,34.1797,155.334
5692.545,9.17697,2.01592,-0.260968,-68.0542,34.9731,152.283
5692.55,9.16979,1.99916,-0.397437,-54.5654,35.8887,149.292
5692.555,9.19134,2.00395,-0.521936,-40.5884,36.9873,146.606
5692.56,9.22486,2.02071,-0.54109,-26.6113,38.0249,144.043
5692.565,9.27993,2.1069,-0.579397,-12.8174,39.3677,141.724
5692.57,9.35654,2.21464,-0.608127,0.732422,40.8936,139.221
5692.575,9.43794,2.36308,-0.591368,13.6108,42.5415,136.353
5692.58,9.4954,2.51391,-0.579397,25.6958,44.2505,133.789
5692.585,9.52892,2.62405,-0.608127,37.1094,45.4712,131.042
5692.59,9.56005,2.71742,-0.665588,47.6685,46.5088,128.357
5692.595,9.54568,2.78206,-0.756568,58.2275,47.1191,125.244
5692.6,9.51216,2.86586,-0.818817,68.6035,47.4854,122.437
5692.605,9.46667,2.91135,-0.802058,78.3081,48.2178,119.629
5692.61,9.40203,3.00712,-0.85473,87.4634,48.645,116.577
5692.615,9.30866,3.16035,-0.88346,96.0693,49.0112,113.586
5692.62,9.19134,3.32555,-0.92895,103.76,49.1943,110.596
5692.625,9.06445,3.49793,-0.957681,110.779,48.9502,107.605
5692.63,8.93277,3.64158,-0.950498,116.821,48.2178,104.797
5692.635,8.88009,3.76608,-0.914585,121.704,47.1191,101.624
5692.64,8.85855,3.87382,-0.902614,126.221,45.9595,98.4497
5692.645,9.06445,3.9624,-0.869095,130.005,44.6167,94.9707
5692.65,10.1155,3.95043,-1.3623,139.038,54.6265,96.2524
5692.655,10.4914,3.99113,-0.407014,142.883,49.4995,88.9893
5692.66,9.55286,4.02944,-0.531513,147.583,49.6216,87.3413
5692.665,9.11951,4.23534,-0.514753,152.954,50.1099,83.5571
5692.67,9.06924,4.37181,-0.517148,159.363,49.6826,79.7119
5692.675,9.05008,4.47476,-0.462081,163.757,48.9502,76.5381
5692.68,8.99502,4.54659,-0.462081,167.48,47.9736,73.1201
5692.685,8.95671,4.62081,-0.517148,170.654,46.6309,69.7632
5692.69,8.97586,4.71658,-0.543484,172.913,44.7998,66.4673
5692.695,9.09078,4.73573,-0.593762,174.744,43.5791,63.2324
5692.7,9.35415,4.7501,-0.610521,176.514,42.4194,59.9976
5692.705,9.66779,4.77164,-0.723049,177.795,41.687,57.251
5692.71,9.98622,4.81953,-0.761356,178.589,41.0767,54.5044
5692.715,10.1945,4.92966,-0.818817,179.321,40.8325,52.5513
5692.72,10.2639,5.04219,-0.893037,179.26,40.3442,51.0864
5692.725,10.24,5.20499,-0.957681,178.467,39.856,50.1099
5692.73,10.0676,5.35583,-1.05824,176.941,39.1235,49.3774
5692.735,9.8689,5.55934,-1.13006,174.255,38.0249,48.0347
5692.74,9.70609,5.75327,-1.18513,170.288,36.6211,46.2646
5692.745,9.62708,5.85382,-1.29287,165.222,35.2783,45.2271
5692.75,9.62948,5.97114,-1.41976,159.668,33.5693,43.6401
5692.755,9.65342,6.09564,-1.6113,153.32,31.4941,41.3818
5692.76,9.75158,6.1507,-1.72143,146.24,29.1138,38.3911
5692.765,9.94073,6.18422,-1.85072,138.916,26.4282,34.9121
5692.77,10.1658,6.17943,-1.98719,131.287,23.6206,31.8604
5692.775,10.4411,6.0693,-2.14281,123.901,20.4468,30.9448
5692.78,10.8242,6.05733,-2.21464,117.31,17.5781,28.8696
5692.785,11.3102,6.10282,-2.24816,110.229,14.3433,27.2827
5692.79,11.7914,6.29196,-2.24097,102.417,11.3525,24.353
5692.795,12.22,6.53617,-2.18112,93.9941,8.23975,20.752
5692.8,12.4786,6.77559,-2.05183,85.022,5.00488,17.4561
5692.805,12.4858,6.94558,-1.92973,75.8667,1.34277,14.3433
5692.81,12.2296,7.06289,-1.80762,66.7114,-3.05176,10.8643
5692.815,11.8585,7.1419,-1.72383,57.5562,-7.44629,6.40869
5692.82,11.5353,7.18021,-1.63285,48.0347,-12.085,1.0376
5692.825,11.3677,7.15627,-1.54905,38.0859,-16.6626,-4.63867
5692.83,11.4323,7.05571,-1.43892,27.0386,-21.0571,-10.437
5692.835,11.7148,7.00065,-1.28569,14.7705,-25.5127,-16.2964
5692.84,12.074,6.90009,-1.1133,1.70898,-29.6021,-21.5454
5692.845,12.3134,6.82108,-0.933739,-11.1694,-33.6304,-26.062
5692.85,12.3014,6.72292,-0.737414,-22.9492,-37.7808,-30.2124
5692.855,12.0309,6.66306,-0.521936,-33.2642,-41.8091,-35.5225
5692.86,11.5975,6.52899,-0.37589,-42.5415,-45.8984,-41.1377
5692.865,11.169,6.31351,-0.253785,-50.2319,-49.7437,-47.1191
5692.87,10.8218,6.01184,-0.23942,-56.5796,-53.5278,-53.833
5692.875,10.6398,5.5761,-0.275333,-62.0117,-57.4951,-60.3638
5692.88,10.5919,5.19302,-0.37589,-66.4673,-61.1572,-66.1011
5692.885,10.7164,4.83389,-0.474052,-70.1904,-65.1245,-71.8384
5692.89,11.0014,4.53462,-0.521936,-73.7305,-68.8477,-77.6367
5692.895,11.3988,4.40054,-0.586579,-76.9653,-72.0215,-83.6792
5692.9,11.8082,4.43406,-0.56982,-80.2002,-74.9512,-90.6372
5692.905,12.1506,4.42688,-0.545878,-83.9844,-77.6978,-95.3369
5692.91,12.3613,4.46279,-0.517148,-87.7075,-80.2612,-99.4263
5692.915,12.3397,4.46519,-0.452504,-91.0034,-83.0688,-101.074
5692.92,12.214280056669896,4.512643438816959,-0.3659317043151533,-93.75978559490984,-85.75651746806754,-103.5163086219758
5692.925,12.055985416280986,4.613637316808389,-0.2704602074780921,-96.1835503032836,-88.1678684632742,-107.44583012378315
5692.929999999999,11.903180747582596,4.741900475368624,-0.1756580784991175,-98.5596822138208,-90.26686072411704,-112.41249731373418
5692.935,11.794230719237664,4.87116175596686,-0.091093886335989,-101.17316941648735,-92.01750199021332,-117.96624300298652
5692.94,11.7675,4.97515,-0.0263362,-104.309,-93.3838,-123.657
5692.945,11.8513,5.03022,0.0071826,-107.971,-94.3604,-129.089
5692.95,12.0189,5.01346,-0.0071826,-111.328,-94.9707,-134.338
5692.955,12.1985,4.9153,-0.047884,-114.38,-95.1538,-140.076
5692.96,12.3828,4.83629,-0.0383072,-117.31,-95.459,-145.752
5692.965,12.5336,4.69264,-0.0790087,-120.361,-95.5811,-151.672
5692.97,12.6486,4.57771,-0.102951,-123.23,-95.7031,-157.227
5692.975,12.7108,4.4197,-0.181959,-126.221,-95.8252,-162.17
5692.98,12.7228,4.24731,-0.215478,-129.578,-95.9473,-166.931
5692.985,12.6486,4.02944,-0.19393,-132.812,-96.1914,-171.021
5692.99,12.5839,3.86424,-0.105345,-136.414,-96.3745,-175.293
5692.995,12.4882,3.72059,0.0191536,-141.724,-96.1304,-178.772
5693.0,12.4403,3.68707,0.0622492,-147.278,-95.6421,-182.617
5693.005,12.3613,3.73017,0.0742203,-154.358,-94.7266,-187.073
5693.01,12.299,3.90255,0.105345,-164.734,-93.0786,-190.979
5693.015,12.2894,4.16831,0.0143652,-176.514,-90.9424,-194.397
5693.02,12.2823,4.13239,-0.071826,-187.988,-88.562,-197.571
5693.025,12.0165,3.65595,0.0646434,-198.181,-86.6089,-199.524
5693.03,12.0524,2.82276,-0.268151,-206.543,-85.2051,-199.707
5693.035,12.038,1.92015,-0.634463,-207.336,-83.8623,-199.89
5693.04,11.8202,1.02232,-0.636858,-200.623,-80.9937,-199.585
5693.045,11.3725,0.442927,-0.588974,-190.247,-78.0029,-199.036
5693.05,10.9128,0.0047884,-0.579397,-182.678,-77.3315,-200.378
5693.055,11.0205,0.134075,-0.696713,-174.316,-74.4629,-207.153
5693.06,11.2025,0.586579,-0.881066,-163.879,-69.8242,-210.754
5693.065,11.2336,0.909797,-0.988805,-152.649,-63.3545,-210.999
5693.07,11.0732,1.01275,-0.957681,-141.541,-58.4717,-210.327
5693.075,10.9176,1.0726,-1.0319,-130.92,-54.6265,-210.205
5693.08,10.8697,1.09654,-1.07739,-119.934,-50.8423,-211.548
5693.085,10.7452,0.995988,-1.18274,-108.948,-47.6074,-210.266
5693.09,10.556,0.97444,-1.22823,-96.4355,-43.8843,-209.9
5693.095,10.3884,0.943315,-1.2402,-83.374,-40.3442,-208.496
5693.1,10.2304,0.933739,-1.29047,-69.519,-36.9873,-205.688
5693.105,10.0796,0.97444,-1.28329,-55.3589,-33.5693,-202.637
5693.11,9.96227,1.06542,-1.26414,-41.1987,-30.4565,-199.585
5693.115,9.79947,1.16358,-1.28329,-27.8931,-27.8931,-195.984
5693.12,9.65103,1.24498,-1.25217,-15.1978,-25.6958,-192.017
5693.125,9.46188,1.30484,-1.32639,-3.41797,-23.7427,-187.439
5693.13,9.27514,1.3216,-1.39582,7.87354,-21.7896,-182.495
5693.135,9.06684,1.38385,-1.40779,18.9209,-19.8364,-177.979
5693.14,8.88249,1.41737,-1.39103,29.3579,-17.9443,-173.767
5693.145,8.7556,1.47483,-1.41018,39.1235,-16.1743,-170.044
5693.15,8.61434,1.51792,-1.38864,47.9736,-14.5264,-166.443
5693.155,8.51857,1.5682,-1.39821,56.0303,-12.8174,-163.025
5693.16,8.43477,1.62566,-1.39103,63.2935,-11.2915,-159.546
5693.165,8.41322,1.72383,-1.38385,69.9463,-9.0332,-156.799
5693.17,8.41801,1.79565,-1.35991,75.5615,-7.32422,-153.87
5693.175,8.40604,1.78129,-1.33357,79.895,-6.04248,-149.353
5693.18,8.4228,1.83156,-1.3216,83.7402,-4.88281,-144.592
5693.185,8.54491,1.93212,-1.32878,86.6699,-3.23486,-140.686
5693.19,8.71489,1.98719,-1.32639,88.501,-1.70898,-136.292
5693.195,8.88488,2.0638,-1.37188,89.1113,0.0610352,-131.348
5693.2,9.04051,2.16196,-1.39582,88.9282,2.0752,-126.038
5693.205,9.20092,2.21703,-1.43173,87.6465,3.96729,-120.85
5693.21,9.30626,2.20027,-1.4461,85.6323,6.10352,-115.173
5693.215,9.34936,2.18112,-1.53229,83.5571,8.48389,-109.741
5693.22,9.40682,2.20267,-1.56102,80.9937,10.8643,-104.614
5693.225,9.34936,2.21464,-1.58736,78.2471,13.2446,-99.1821
5693.23,9.32781,2.22661,-1.60172,75.3174,15.5029,-93.9941
5693.235,9.25838,2.22661,-1.67355,72.3877,17.6392,-88.623
5693.24,9.195511139898178,2.230874882658666,-1.7247548504730292,69.53511509895822,19.67623649771916,-83.46231617928684
5693.245,9.163741289947898,2.238812322815505,-1.7398530075063503,66.75189582959621,21.56854425777018,-78.53722293584383
5693.25,9.163405870048534,2.2424623216430097,-1.7329397393031574,64.02167901075511,23.254093768961614,-73.6900316027574
5693.255,9.194840300099449,2.2338648803136767,-1.7181103140666427,61.328101461276006,24.67085552010203,-68.76305351311399
5693.26,9.25838,2.20506,-1.70946,58.6548,25.7568,-63.5986
5693.265,9.36133,2.1452,-1.69988,56.0913,26.5503,-58.0444
5693.27,9.51695,2.04225,-1.63285,54.0771,27.4658,-52.124
5693.275,9.6606,1.93212,-1.56102,52.7954,28.6255,-46.2036
5693.28,9.74201,1.86508,-1.51314,52.124,29.3579,-39.917
5693.285,9.80904,1.80044,-1.47004,52.063,29.9683,-33.3862
5693.29,9.91199,1.76453,-1.45328,52.7344,30.0903,-26.4282
5693.295,10.0987,1.70946,-1.42694,54.0771,29.7241,-18.9819
5693.3,10.4603,1.6496,-1.42455,55.9082,29.1138,-10.7422
5693.305,10.9918,1.57778,-1.41258,58.2275,28.8086,-1.58691
5693.31,11.5903,1.56102,-1.42216,60.9131,29.6631,7.75146
5693.315,12.1147,1.54187,-1.4868,64.1479,31.6162,18.5547
5693.32,12.4355,1.52032,-1.49638,68.0542,34.1797,30.7007
5693.325,12.4522,1.51553,-1.50356,72.2046,36.8652,44.2505
5693.33,12.1051,1.61369,-1.46765,76.2329,38.147,58.8379
5693.335,11.5808,1.79565,-1.41258,79.9561,38.4521,73.4253
5693.34,11.0373,2.09014,-1.35033,83.4351,38.0249,86.792
5693.345,10.5752,2.48039,-1.24498,86.3037,36.9873,98.999
5693.35,10.2496,2.94966,-1.1564,88.3179,35.7056,110.474
5693.355,10.2065,3.51948,-1.02951,90.271,36.9873,119.324
5693.36,10.0963,4.05099,-0.861913,90.0879,37.9639,128.723
5693.365,9.90002,4.59926,-0.71826,87.4023,38.0859,138.977
5693.37,9.71088,5.11401,-0.476446,82.9468,38.0249,148.926
5693.375,9.44991,5.60483,-0.220267,76.2939,37.1704,158.447
5693.38,9.28471,6.11,0.0622492,68.1763,36.377,166.199
5693.385,9.10515,6.52659,0.301669,57.9834,35.1562,172.852
5693.39,8.98065,6.78996,0.64404,45.2271,33.8745,179.26
5693.395,8.97347,6.96473,0.976834,30.0903,32.5928,184.998
5693.4,9.01178,7.16345,1.17795,13.0615,31.9214,188.66
5693.405,9.19613,7.26161,1.43892,-5.31006,32.2266,191.101
5693.41,9.31344,7.23528,1.53708,-25.0854,32.2876,195.129
5693.415,9.32542,7.32386,1.65679,-44.9219,33.6914,195.557
5693.42,9.44034,7.31189,1.7358,-65.4297,35.6445,193.542
5693.425,9.59835,7.22091,1.69509,-86.9751,37.3535,191.772
5693.43,9.74201,6.91445,1.52271,-108.032,38.208,192.993
5693.435,9.77792,6.58166,1.37667,-127.075,38.7573,195.312
5693.44,9.84256,6.29436,1.27132,-144.592,39.3066,194.58
5693.445,9.98382,6.03099,1.09415,-162.354,38.6353,193.176
5693.45,10.1754,5.8227,0.823605,-179.26,37.7197,192.017
5693.455,10.4507,5.58328,0.488417,-195.496,35.6445,191.162
5693.46,10.899807058005504,5.320672895400244,0.1098580134111105,-209.42104737058875,33.551788602378295,190.8481571224052
5693.465,11.444545035578118,5.045873503903095,-0.2815995896293187,-220.59564056482984,31.93344560336739,190.9314588027004
5693.469999999999,11.958899484062863,4.761358664752889,-0.6520903993149884,-229.07401007251227,30.909798303310065,191.1533819217456
5693.474999999999,12.316855955094145,4.469605217037593,-0.9677490060429468,-234.9103863878012,30.60117400203364,191.25540336055823
5693.48,12.3924,4.17309,-1.19471,-238.159,31.1279,190.979
5693.485,12.1458,3.8834,-1.31442,-238.892,32.2266,190.186
5693.49,11.8034,3.64158,-1.35991,-237.366,32.6538,189.148
5693.495,11.4108,3.46202,-1.34794,-234.131,32.7148,187.866
5693.5,11.0852,3.33033,-1.30484,-229.309,32.2876,185.974
5693.505,10.8314,3.23457,-1.24498,-223.328,31.5552,183.472
5693.51,10.6734,3.10289,-1.1971,-216.125,30.5176,180.42
5693.515,10.5704,2.96402,-1.09415,-207.581,28.9917,176.819
5693.52,10.5177,2.77488,-1.00317,-197.693,27.5879,172.546
5693.525,10.5105,2.58813,-0.804452,-186.157,26.6113,168.03
5693.53,10.5656,2.37265,-0.653617,-173.218,26.2451,163.147
5693.535,10.6446,2.20506,-0.433351,-158.936,26.062,158.02
5693.54,10.7883,2.09971,-0.148441,-144.165,26.2451,152.405
5693.545,10.908,2.07577,0.0430956,-128.418,26.9775,146.24
5693.55,10.9654,2.05423,0.196325,-110.657,26.6113,139.893
5693.555,11.0038,2.05423,0.383072,-92.4683,26.123,134.094
5693.56,11.0229,2.06859,0.538695,-74.4629,25.7568,128.601
5693.565,10.9894,2.08774,0.727837,-56.2744,25.5127,122.681
5693.57,10.9343,2.15478,0.926556,-37.8418,25.2686,116.516
5693.575,10.884,2.32716,1.18274,-20.6299,24.9634,109.619
5693.58,10.8122,2.59531,1.37906,-4.88281,24.1089,102.173
5693.585,10.738,2.87783,1.52032,9.33838,23.1934,94.7266
5693.59,10.5752,3.11964,1.64003,22.0947,21.6675,87.7686
5693.595,10.3908,3.25133,1.80762,33.4473,19.9585,81.1157
5693.6,10.2041,3.35428,1.97522,43.5181,18.0664,74.585
5693.605,10.0006,3.39019,2.10929,52.8564,16.2964,68.2373
5693.61,9.79468,3.41174,2.13323,61.4624,14.0991,61.8896
5693.615,9.62948,3.43568,2.14281,69.397,11.6577,55.481
5693.62,9.53371,3.44047,2.15239,77.0264,9.39941,49.2554
5693.625,9.45231,3.46202,2.12126,83.9844,7.38525,43.457
5693.63,9.414,3.40934,2.08296,89.9658,5.24902,37.8418
5693.635,9.4571,3.28484,2.02789,95.6421,3.35693,33.02
5693.64,9.54329,3.18668,1.94409,101.196,2.2583,28.1982
5693.645,9.60554,3.16992,1.72383,107.971,0.854492,23.1323
5693.65,9.71328,3.21062,1.54905,114.563,0.183105,17.8833
5693.655,9.8258,3.35906,1.37188,120.3,0.0610352,12.5732
5693.66,9.90721,3.53863,1.13006,124.756,-0.12207,7.56836
5693.665,9.9527,3.70862,0.94571,127.991,0.0610352,3.479
5693.67,9.99579,3.86424,0.758962,129.822,0.305176,0.0
5693.675,9.98382,4.01029,0.557849,130.31,0.671387,-3.05176
5693.68,9.98143,4.15394,0.423774,129.883,0.915527,-5.7373
5693.685,9.93833,4.27126,0.25618,128.54,1.40381,-7.75146
5693.69,9.87129,4.36463,0.105345,126.465,1.95312,-9.33838
5693.695,9.81144,4.39815,-0.0335188,124.207,2.44141,-10.498
5693.7,9.74919,4.43646,-0.131681,121.948,2.92969,-11.4136
5693.705,9.68933,4.49392,-0.184354,119.141,3.41797,-12.2681
5693.71,9.65103,4.52983,-0.277727,116.15,3.72314,-13.1836
5693.715,9.59596,4.54898,-0.325611,112.915,4.27246,-13.9771
5693.72,9.55286,4.56095,-0.40462,109.558,4.88281,-14.4653
5693.725,9.50498,4.56095,-0.526724,105.774,5.5542,-14.8926
5693.73,9.43794,4.52983,-0.56982,101.99,6.04248,-15.0146
5693.735,9.32781,4.5011,-0.612916,98.2666,6.65283,-15.1367
5693.74,9.26795,4.47237,-0.653617,94.6045,7.20215,-14.9536
5693.745,9.19134,4.45082,-0.68953,91.1255,7.69043,-14.7705
5693.75,9.11712,4.4197,-0.696713,87.5244,8.36182,-14.8315
5693.755,9.06205,4.43167,-0.713472,83.7402,8.8501,-14.7705
5693.76,9.04769,4.46758,-0.684742,79.5898,9.39941,-14.6484
5693.765,8.9998,4.52983,-0.684742,74.707,9.82666,-14.5264
5693.77,8.98544,4.62081,-0.663194,69.0918,10.1318,-14.5874
5693.775,8.93037,4.68066,-0.639252,62.5,10.2539,-14.2822
5693.78,8.87291,4.73094,-0.622492,54.9316,10.1318,-13.9771
5693.785,10.6494,4.75967,-0.679953,47.1191,9.76562,-13.6719
5693.79,8.44435,4.60166,-0.553061,41.748,13.1836,-12.2681
5693.795,9.60075,4.69503,-0.699107,32.2266,10.9863,-13.0615
5693.8,8.7556,4.59926,-0.54109,24.6582,11.2915,-12.8784
5693.805,8.94474,4.59687,-0.517148,17.334,11.0474,-13.4888
5693.81,8.85376,4.52983,-0.483629,10.1318,10.498,-13.9771
5693.815,8.89206,4.45561,-0.497994,3.60107,9.76562,-14.5264
5693.82,8.88488,4.35026,-0.4956,-2.50244,8.72803,-15.0146
5693.825,8.84658,4.18267,-0.517148,-7.44629,7.75146,-15.5029
5693.83,8.82982,4.07972,-0.500388,-11.9629,6.71387,-16.0522
5693.835,8.86333,3.98395,-0.462081,-15.8081,5.61523,-16.7847
5693.84,8.85855,3.91452,-0.486023,-19.5923,4.39453,-17.5171
5693.845,8.90404,3.90494,-0.497994,-23.2544,3.17383,-19.4702
5693.85,8.9615,3.85945,-0.531513,-27.0386,1.46484,-20.6299
5693.855,9.0429,3.82115,-0.493206,-30.3955,-0.305176,-21.6064
5693.86,9.11473,3.80199,-0.507571,-33.5083,-1.95312,-22.8882
5693.865,9.2081,3.72777,-0.505177,-36.8042,-3.84521,-24.4141
5693.87,9.27993,3.62961,-0.509965,-39.978,-5.98145,-25.3296
5693.875,9.33739,3.56018,-0.509965,-42.9077,-7.87354,-26.2451
5693.88,9.4571,3.54581,-0.440533,-45.2881,-9.52148,-28.1372
5693.885,9.59596,3.47878,-0.476446,-47.6685,-11.3525,-29.6631
5693.89,9.66779,3.41653,-0.402226,-49.9878,-13.4888,-30.7007
5693.895,9.68455,3.33752,-0.356736,-51.9409,-15.3809,-31.9824
5693.9,9.74679,3.29203,-0.335188,-53.4058,-17.0288,-33.8745
5693.905,9.81383,3.2226,-0.320823,-54.6875,-18.9819,-35.4004
5693.91,9.84735,3.13162,-0.320823,-55.3589,-20.874,-36.5601
5693.915,9.88326,3.06218,-0.304064,-55.542,-22.7661,-38.0859
5693.92,9.92636,2.98318,-0.301669,-55.4199,-24.5361,-39.6729
5693.925,9.98622,2.93529,-0.287304,-54.6265,-26.4282,-41.5039
5693.93,10.0102,2.92811,-0.265756,-53.4668,-28.1982,-43.396
5693.935,10.0868,2.88022,-0.246603,-52.2461,-29.8462,-44.9829
5693.94,10.137,2.85868,-0.253785,-50.5371,-31.189,-46.3867
5693.945,10.1347,2.83952,-0.299275,-48.584,-32.6538,-47.5464
5693.95,10.1323,2.81319,-0.263362,-46.5088,-33.9355,-48.5229
5693.955,10.137,2.78685,-0.248997,-44.3115,-35.1562,-49.5605
5693.96,10.1203,2.78206,-0.23942,-41.8701,-36.2549,-50.5371
5693.965,10.1011,2.80122,-0.246603,-39.3066,-37.2925,-51.2695
5693.97,10.058,2.80122,-0.220267,-36.9263,-38.3911,-52.063
5693.975,10.0293,2.806,-0.198719,-34.4849,-39.1846,-52.7954
5693.98,10.0126,2.81798,-0.150835,-32.3486,-39.978,-53.3447
5693.985,9.96227,2.87783,-0.102951,-30.5786,-40.7104,-53.5278
5693.99,9.92397,2.87304,-0.0957681,-28.9307,-41.3208,-53.5278
5693.995,9.82102,2.84671,-0.110133,-27.4658,-41.8701,-53.5889
5694.0,9.78989,2.87065,-0.114922,-26.1841,-42.1753,-53.3447
5694.005,9.76116,2.87783,-0.117316,-25.2075,-42.5415,-53.0396
5694.01,9.69652,2.8898,-0.124498,-24.0479,-42.9688,-52.6123
5694.015,9.6606,2.89698,-0.131681,-22.7051,-42.7246,-52.124
5694.02,9.67497,2.89459,-0.0526724,-21.3013,-41.9312,-52.124
5694.025,9.63427,2.8922,-0.0646434,-20.3857,-41.687,-51.5137
5694.03,9.56005,2.87065,-0.0981623,-19.6533,-41.5649,-49.8047
5694.035,9.48104,2.87544,-0.0694318,-18.6768,-41.626,-48.3398
5694.04,9.44273,2.94726,-0.0814029,-18.0054,-41.1987,-46.9971
5694.045,9.42837,2.97599,-0.0383072,-17.6392,-40.7715,-45.8984
5694.05,9.4164,3.00951,-0.035913,-17.5171,-40.3442,-44.3115
5694.055,9.40203,3.05979,-0.0430956,-17.334,-39.7339,-42.7856
5694.06,9.3733,3.10767,-0.0622492,-17.5171,-39.3066,-41.0767
5694.065,9.33499,3.13162,-0.071826,-17.8223,-38.5742,-39.1235
5694.07,9.32063,3.18189,-0.0837971,-18.5547,-37.9028,-37.3535
5694.075,9.30866,3.19147,-0.0766145,-19.5923,-37.2314,-35.1562
5694.08,9.30626,3.21062,-0.0742203,-20.5688,-36.6211,-32.7148
5694.085,9.28471,3.2609,-0.102951,-21.8506,-35.8276,-30.5176
5694.09,9.28711,3.30879,-0.11971,-23.1934,-34.9121,-28.6255
5694.095,9.30147,3.33033,-0.0957681,-24.9634,-33.9966,-26.4893
5694.1,9.31344,3.33033,-0.0454898,-26.9775,-33.0811,-24.231
5694.105,9.31105,3.34709,-0.0694318,-29.1748,-32.1655,-22.0337
5694.11,9.30147,3.34709,-0.035913,-31.189,-31.0669,-19.9585
5694.115,9.31584,3.37343,-0.0071826,-33.3252,-30.1514,-18.0054
5694.12,9.31823,3.37582,-0.011971,-35.5225,-29.2969,-15.8081
5694.125,9.27993,3.35667,-0.0047884,-37.7197,-28.3203,-13.5498
5694.13,9.26317,3.35906,0.023942,-39.978,-27.5269,-11.4136
5694.135,9.28232,3.32794,0.0311246,-41.9312,-26.6113,-9.21631
5694.14,9.26556,3.29921,0.0191536,-43.7012,-25.6958,-7.08008
5694.145,9.26795,3.25372,0.0454898,-45.5933,-25.0244,-5.12695
5694.15,9.26077,3.25372,0.0694318,-47.1802,-24.0479,-3.23486
5694.155,9.26556,3.2609,0.131681,-48.8892,-23.3765,-1.46484
5694.16,9.28711,3.25611,0.105345,-50.4761,-22.4609,0.244141
5694.165,9.31344,3.24893,0.167594,-52.1851,-21.6675,1.95312
5694.17,9.35175,3.23696,0.143652,-53.894,-20.9351,3.41797
5694.175,9.35175,3.22499,0.208296,-55.6641,-20.0806,5.18799
5694.18,9.34457,3.22738,0.237026,-57.251,-19.4702,6.5918
5694.185,9.37809,3.20823,0.234632,-58.5327,-18.6768,7.93457
5694.19,9.37569,3.1388,0.244209,-59.3872,-17.6392,9.27734
5694.195,9.37091,3.09091,0.260968,-59.9976,-16.8457,10.7422
5694.2,9.38048,3.07894,0.296881,-60.3027,-16.0522,11.7798
5694.205,9.37569,3.03585,0.299275,-60.1807,-15.1978,12.8784
5694.21,9.37091,3.01909,0.308852,-59.7534,-14.4653,13.9771
5694.215,9.36612,2.99515,0.296881,-58.5938,-13.6719,14.9536
5694.22,9.35415,2.94247,0.335188,-57.1289,-12.6953,15.686
5694.225,9.40203,2.89938,0.301669,-55.1758,-11.9019,16.4795
5694.23,9.40682,2.87783,0.287304,-52.7954,-10.9863,17.334
5694.235,9.414,2.87544,0.282516,-50.0488,-9.94873,17.9443
5694.24,9.42837,2.86347,0.272939,-47.1191,-8.8501,18.4937
5694.245,9.44752,2.85628,0.296881,-43.7622,-7.75146,19.2261
5694.25,9.47625,2.85389,0.292093,-40.1001,-6.71387,19.8975
5694.255,9.47625,2.84431,0.272939,-36.5601,-5.49316,20.6299
5694.26,9.50259,2.83713,0.23942,-32.5928,-4.27246,21.3013
5694.265,9.4954,2.83473,0.227449,-28.5645,-2.92969,21.9727
5694.27,9.53132,2.85389,0.19393,-24.4751,-1.83105,22.7051
5694.275,9.52892,2.87304,0.19393,-20.1416,-0.488281,23.4375
5694.28,9.52413,2.89698,0.153229,-16.0522,0.854492,23.9868
5694.285,9.54808,2.90656,0.138864,-12.146,2.0752,24.7803
5694.29,9.54089,2.93529,0.102951,-8.36182,3.41797,25.3906
5694.295,9.54808,2.96881,0.112527,-4.82178,4.63867,26.062
5694.3,9.55765,3.04064,0.0933739,-1.64795,5.7373,26.6724
5694.305,9.52413,3.09091,0.0885855,1.0376,6.95801,27.4658
5694.31,9.50498,3.11007,0.071826,3.479,8.17871,28.1982
5694.315,9.51216,3.14119,0.117316,5.7373,9.39941,28.6865
5694.32,9.51456,3.21541,0.0646434,7.69043,10.1929,29.0527
5694.325,9.50019,3.23217,0.0407014,9.39941,11.0474,29.48
5694.33,9.4978,3.27048,0.0574608,10.7422,11.9019,29.8462
5694.335,9.48583,3.32076,0.0430956,11.9629,12.7563,30.1514
5694.34,9.47386,3.34949,0.0502782,12.9395,13.4888,30.4565
5694.345,9.46907,3.38301,0.0287304,13.7939,13.7939,30.8838
5694.35,9.47146,3.41892,0.0407014,14.6484,14.3433,31.189
5694.355,9.48104,3.43807,0.0526724,15.2588,14.7705,31.25
5694.36,9.48822,3.47878,0.0742203,15.7471,15.3198,31.189
5694.365,9.50498,3.52187,0.059855,15.8691,15.7471,31.189
5694.37,9.51695,3.56018,0.0814029,15.8081,16.1133,31.189
5694.375,9.5385,3.60806,0.0335188,15.564,16.3574,30.8228
5694.38,9.54089,3.61524,0.035913,15.0146,16.4795,30.8228
5694.385,9.54329,3.6344,0.0167594,14.5264,16.7236,30.7007
5694.39,9.54329,3.65355,0.047884,13.916,16.8457,30.5786
5694.395,9.55526,3.65834,0.0335188,12.9395,16.7236,30.3955
5694.4,9.54329,3.66552,0.00957681,12.207,16.7847,30.2734
5694.405,9.55286,3.66552,0.011971,11.6577,16.7847,29.9072
5694.41,9.59835,3.66313,0.0047884,10.8643,16.7236,29.48
5694.415,9.61751,3.66313,-0.011971,9.94873,16.6016,29.2969
5694.42,9.60314,3.65355,0.0167594,9.21631,16.4795,28.9307
5694.425,9.58638,3.65595,-0.0191536,8.54492,16.2964,28.3813
5694.43,9.56723,3.65834,-0.035913,7.69043,16.0522,27.8931
5694.435,9.55047,3.62961,-0.0526724,7.08008,15.9302,27.4658
5694.44,9.55286,3.62482,-0.0694318,6.53076,15.686,26.9165
5694.445,9.53132,3.57454,-0.0502782,6.10352,15.5029,26.2451
5694.45,9.50977,3.56018,-0.059855,5.79834,15.3198,25.6348
5694.455,9.44273,3.53384,-0.071826,5.31006,14.6484,25.2075
5694.46,9.4164,3.5099,-0.102951,5.12695,14.3433,24.9023
5694.465,9.4547,3.50751,-0.11971,4.94385,14.0381,23.9868
5694.47,9.47864,3.54102,-0.124498,5.00488,13.7939,23.0713
5694.475,9.47386,3.50511,-0.122104,4.94385,13.4888,22.4609
5694.48,9.46907,3.49314,-0.146046,4.88281,13.1836,21.9116
5694.485,9.46188,3.47159,-0.158017,4.94385,13.0615,21.4233
5694.49,9.44991,3.43568,-0.150835,5.31006,12.8174,20.874
5694.495,9.41161,3.43089,-0.225055,5.67627,12.5122,20.2637
5694.5,9.42118,3.38301,-0.232238,5.98145,12.2681,19.3481
5694.505,9.44034,3.40455,-0.248997,6.40869,11.8408,18.7378
5694.51,9.44991,3.39258,-0.280122,6.7749,11.7798,18.1274
5694.515,9.50498,3.40934,-0.301669,7.26318,11.3525,17.5171
5694.52,9.51456,3.39977,-0.318429,7.69043,11.0474,16.9678
5694.525,9.56005,3.39737,-0.35913,8.30078,10.8032,16.5405
5694.53,9.55047,3.40455,-0.323217,8.97217,10.498,15.8691
5694.535,9.55047,3.41174,-0.328006,9.76562,10.437,15.564
5694.54,9.52413,3.40934,-0.304064,10.5591,10.1318,15.0146
5694.545,9.53132,3.39737,-0.3304,11.4136,9.8877,14.4653
5694.55,9.53611,3.40695,-0.325611,12.3901,9.70459,13.916
5694.555,9.52892,3.41413,-0.318429,13.1226,9.39941,13.4888
5694.56,9.52653,3.43807,-0.31364,13.9771,9.21631,12.9395
5694.565,9.53371,3.45244,-0.299275,14.8315,8.91113,12.4512
5694.57,9.50737,3.47638,-0.339977,15.5029,8.72803,11.9019
5694.575,9.50977,3.50032,-0.308852,16.0522,8.42285,11.4136
5694.58,9.47864,3.52666,-0.253785,16.4795,8.05664,10.8643
5694.585,9.48583,3.54821,-0.263362,16.7847,7.69043,10.2539
5694.59,9.46907,3.57215,-0.287304,16.7847,7.26318,9.82666
5694.595,9.44273,3.57215,-0.248997,16.7236,6.83594,9.09424
5694.6,9.43315,3.58651,-0.229843,16.4185,6.46973,8.48389
5694.605,9.44034,3.59609,-0.244209,16.2354,6.10352,7.87354
5694.61,9.44513,3.60327,-0.25618,15.9302,5.61523,7.08008
5694.615,9.43076,3.61764,-0.248997,15.5029,5.18799,6.16455
5694.62,9.43076,3.61524,-0.251391,15.1367,4.69971,5.49316
5694.625,9.414,3.60806,-0.277727,14.6484,4.27246,4.69971
5694.63,9.4164,3.61764,-0.248997,14.0991,3.72314,3.78418
5694.635,9.41879,3.61524,-0.25618,13.4277,3.2959,3.11279
5694.64,9.41879,3.59609,-0.265756,12.8174,2.80762,2.31934
5694.645,9.39724,3.5913,-0.277727,12.207,2.19727,1.64795
5694.65,9.39724,3.5937,-0.253785,11.5356,1.77002,0.732422
5694.655,9.40682,3.58891,-0.251391,10.9253,1.09863,-0.12207
5694.66,9.40442,3.56736,-0.222661,10.3149,0.671387,-0.732422
5694.665,9.43555,3.55778,-0.217872,9.82666,0.12207,-1.77002
5694.67,9.4547,3.56257,-0.19393,9.39941,-0.488281,-2.44141
5694.675,9.44752,3.53624,-0.203507,8.91113,-1.0376,-3.05176
5694.68,9.46907,3.52666,-0.198719,8.60596,-1.70898,-3.78418
5694.685,9.4978,3.5099,-0.177171,8.42285,-2.13623,-4.57764
5694.69,9.48104,3.49314,-0.179565,8.23975,-2.80762,-5.31006
5694.695,9.49301,3.48835,-0.189142,8.17871,-3.2959,-6.04248
5694.7,9.49062,3.47878,-0.146046,7.99561,-4.02832,-6.65283
5694.705,9.47625,3.48835,-0.114922,7.93457,-4.69971,-7.26318
5694.71,9.48583,3.50272,-0.100556,7.87354,-5.24902,-7.8125
5694.715,9.47386,3.52187,-0.0454898,7.62939,-5.92041,-8.30078
5694.72,9.46428,3.53384,-0.011971,7.26318,-6.46973,-8.91113
5694.725,9.45949,3.53624,0.0047884,6.89697,-7.20215,-9.39941
5694.73,9.43076,3.51469,0.0047884,6.5918,-7.75146,-9.82666
5694.735,9.40203,3.52905,0.0742203,6.16455,-8.36182,-10.2539
5694.74,9.41161,3.51469,0.0837971,5.67627,-8.91113,-10.8032
5694.745,9.414,3.52666,0.124498,5.18799,-9.46045,-11.2305
5694.75,9.39724,3.51229,0.136469,4.45557,-9.82666,-11.6577
5694.755,9.39006,3.52187,0.143652,3.84521,-10.1929,-12.0239
5694.76,9.414,3.53863,0.198719,3.11279,-10.437,-12.2681
5694.765,9.42597,3.54342,0.186748,2.38037,-10.5591,-12.3901
5694.77,9.44752,3.52905,0.203507,1.58691,-10.8032,-12.8174
5694.775,9.47146,3.52666,0.23942,0.854492,-10.9253,-13.0615
5694.78,9.48104,3.52426,0.23942,0.12207,-11.1694,-13.1226
5694.785,9.52653,3.49793,0.222661,-0.549316,-11.1694,-13.0005
5694.79,9.54808,3.4692,0.220267,-0.976562,-11.1084,-13.1836
5694.795,9.55765,3.4668,0.251391,-1.34277,-10.9863,-13.0005
5694.8,9.58638,3.45962,0.265756,-1.77002,-10.7422,-12.8174
5694.805,9.61272,3.45723,0.28491,-2.01416,-10.498,-12.7563
5694.81,9.63666,3.45962,0.275333,-2.31934,-10.2539,-12.5732
5694.815,9.6606,3.47399,0.328006,-2.62451,-9.94873,-12.3901
5694.82,9.67736,3.47399,0.332794,-3.11279,-9.58252,-12.085
5694.825,9.67736,3.49793,0.342371,-3.66211,-9.0332,-11.8408
5694.83,9.67976,3.51708,0.373495,-4.45557,-8.72803,-11.6577
5694.835,9.68215,3.5099,0.423774,-5.12695,-8.23975,-11.2305
5694.84,9.67257,3.50751,0.411803,-6.16455,-7.87354,-10.8032
5694.845,9.6606,3.49553,0.414197,-6.89697,-7.38525,-10.6201
5694.85,9.63906,3.47878,0.452504,-7.75146,-7.01904,-10.2539
5694.855,9.64384,3.44765,0.423774,-8.8501,-6.5918,-9.94873
5694.86,9.64624,3.46202,0.462081,-9.8877,-6.16455,-9.64355
5694.865,9.63427,3.45244,0.435745,-10.8643,-5.7373,-9.52148
5694.87,9.62948,3.43089,0.45011,-11.8408,-5.37109,-9.27734
5694.875,9.6223,3.40695,0.457293,-12.9395,-4.94385,-8.8501
5694.88,9.61272,3.38061,0.45011,-14.0381,-4.57764,-8.42285
5694.885,9.61511,3.37822,0.435745,-15.1367,-4.27246,-8.11768
5694.89,9.60554,3.35428,0.447716,-16.2964,-3.84521,-7.8125
